candidate_id,domain_id,domain_name,candidate_task_name,platform,initial_applicability,as_is_status,review_status,review_confidence,execution_owner,execution_mechanism,structure_flag,operator_note,analyst_note,round2_question,evidence_ref
"01-01","01","市场与选品","新品发现","Amazon","YES","UNCERTAIN","PARTIALLY_REVIEWED","MEDIUM","UNKNOWN","UNKNOWN","UNKNOWN","","","",""
"01-01","01","市场与选品","新品发现","Temu","YES","UNCERTAIN","PARTIALLY_REVIEWED","MEDIUM","UNKNOWN","UNKNOWN","UNKNOWN","","","",""
"01-01","01","市场与选品","新品发现","TikTok Shop","YES","UNCERTAIN","NOT_REVIEWED","LOW","UNKNOWN","UNKNOWN","UNKNOWN","","","",""
"01-02","01","市场与选品","类目趋势分析","Amazon","YES","UNCERTAIN","PARTIALLY_REVIEWED","MEDIUM","UNKNOWN","UNKNOWN","UNKNOWN","","","",""
"01-02","01","市场与选品","类目趋势分析","Temu","YES","UNCERTAIN","PARTIALLY_REVIEWED","MEDIUM","UNKNOWN","UNKNOWN","UNKNOWN","","","",""
"01-02","01","市场与选品","类目趋势分析","TikTok Shop","YES","UNCERTAIN","NOT_REVIEWED","LOW","UNKNOWN","UNKNOWN","UNKNOWN","","","",""
"01-03","01","市场与选品","爆品 / 高增长商品发现","Amazon","YES","UNCERTAIN","PARTIALLY_REVIEWED","MEDIUM","UNKNOWN","UNKNOWN","UNKNOWN","","","",""
"01-03","01","市场与选品","爆品 / 高增长商品发现","Temu","YES","UNCERTAIN","PARTIALLY_REVIEWED","MEDIUM","UNKNOWN","UNKNOWN","UNKNOWN","","","",""
"01-03","01","市场与选品","爆品 / 高增长商品发现","TikTok Shop","YES","UNCERTAIN","NOT_REVIEWED","LOW","UNKNOWN","UNKNOWN","UNKNOWN","","","",""
"01-04","01","市场与选品","竞品发现","Amazon","YES","UNCERTAIN","PARTIALLY_REVIEWED","MEDIUM","UNKNOWN","UNKNOWN","UNKNOWN","","","",""
"01-04","01","市场与选品","竞品发现","Temu","YES","UNCERTAIN","PARTIALLY_REVIEWED","MEDIUM","UNKNOWN","UNKNOWN","UNKNOWN","","","",""
"01-04","01","市场与选品","竞品发现","TikTok Shop","YES","UNCERTAIN","NOT_REVIEWED","LOW","UNKNOWN","UNKNOWN","UNKNOWN","","","",""
"01-05","01","市场与选品","竞品筛选","Amazon","YES","UNCERTAIN","PARTIALLY_REVIEWED","MEDIUM","UNKNOWN","UNKNOWN","UNKNOWN","","","",""
"01-05","01","市场与选品","竞品筛选","Temu","YES","UNCERTAIN","PARTIALLY_REVIEWED","MEDIUM","UNKNOWN","UNKNOWN","UNKNOWN","","","",""
"01-05","01","市场与选品","竞品筛选","TikTok Shop","YES","UNCERTAIN","NOT_REVIEWED","LOW","UNKNOWN","UNKNOWN","UNKNOWN","","","",""
"01-06","01","市场与选品","竞品持续跟踪","Amazon","YES","UNCERTAIN","PARTIALLY_REVIEWED","MEDIUM","UNKNOWN","UNKNOWN","UNKNOWN","","","",""
"01-06","01","市场与选品","竞品持续跟踪","Temu","YES","UNCERTAIN","PARTIALLY_REVIEWED","MEDIUM","UNKNOWN","UNKNOWN","UNKNOWN","","","",""
"01-06","01","市场与选品","竞品持续跟踪","TikTok Shop","YES","UNCERTAIN","NOT_REVIEWED","LOW","UNKNOWN","UNKNOWN","UNKNOWN","","","",""
"01-07","01","市场与选品","价格带分析","Amazon","YES","UNCERTAIN","PARTIALLY_REVIEWED","MEDIUM","UNKNOWN","UNKNOWN","UNKNOWN","","","",""
"01-07","01","市场与选品","价格带分析","Temu","YES","UNCERTAIN","PARTIALLY_REVIEWED","MEDIUM","UNKNOWN","UNKNOWN","UNKNOWN","","","",""
"01-07","01","市场与选品","价格带分析","TikTok Shop","YES","UNCERTAIN","NOT_REVIEWED","LOW","UNKNOWN","UNKNOWN","UNKNOWN","","","",""
"01-08","01","市场与选品","市场竞争度 / 同款密度分析","Amazon","YES","UNCERTAIN","PARTIALLY_REVIEWED","MEDIUM","UNKNOWN","UNKNOWN","UNKNOWN","","","",""
"01-08","01","市场与选品","市场竞争度 / 同款密度分析","Temu","YES","UNCERTAIN","PARTIALLY_REVIEWED","MEDIUM","UNKNOWN","UNKNOWN","UNKNOWN","","","",""
"01-08","01","市场与选品","市场竞争度 / 同款密度分析","TikTok Shop","PARTIAL","UNCERTAIN","NOT_REVIEWED","LOW","UNKNOWN","UNKNOWN","UNKNOWN","","","",""
"01-09","01","市场与选品","商品生命周期判断","Amazon","YES","UNCERTAIN","PARTIALLY_REVIEWED","MEDIUM","UNKNOWN","UNKNOWN","UNKNOWN","","","",""
"01-09","01","市场与选品","商品生命周期判断","Temu","YES","UNCERTAIN","PARTIALLY_REVIEWED","MEDIUM","UNKNOWN","UNKNOWN","UNKNOWN","","","",""
"01-09","01","市场与选品","商品生命周期判断","TikTok Shop","YES","UNCERTAIN","NOT_REVIEWED","LOW","UNKNOWN","UNKNOWN","UNKNOWN","","","",""
"01-10","01","市场与选品","产品机会判断 / 立项初筛","Amazon","YES","UNCERTAIN","PARTIALLY_REVIEWED","MEDIUM","UNKNOWN","UNKNOWN","UNKNOWN","","","",""
"01-10","01","市场与选品","产品机会判断 / 立项初筛","Temu","YES","UNCERTAIN","PARTIALLY_REVIEWED","MEDIUM","UNKNOWN","UNKNOWN","UNKNOWN","","","",""
"01-10","01","市场与选品","产品机会判断 / 立项初筛","TikTok Shop","YES","UNCERTAIN","NOT_REVIEWED","LOW","UNKNOWN","UNKNOWN","UNKNOWN","","","",""
"02-01","02","商品研究","Review / 评论区分析","Amazon","YES","UNCERTAIN","PARTIALLY_REVIEWED","MEDIUM","UNKNOWN","UNKNOWN","UNKNOWN","","","",""
"02-01","02","商品研究","Review / 评论区分析","Temu","PARTIAL","UNCERTAIN","PARTIALLY_REVIEWED","MEDIUM","UNKNOWN","UNKNOWN","UNKNOWN","","","",""
"02-01","02","商品研究","Review / 评论区分析","TikTok Shop","YES","UNCERTAIN","NOT_REVIEWED","LOW","UNKNOWN","UNKNOWN","UNKNOWN","","","",""
"02-02","02","商品研究","Consumer Pain 痛点提取","Amazon","YES","PERFORMED","EXPLICITLY_REVIEWED","HIGH","UNKNOWN","UNKNOWN","MERGE_CANDIDATE","Operator grouped this Candidate with product improvement-related work.","Strong Merge Candidate within the Product Improvement group; no merge was executed in Round 1.","Should 02-02 02-03 and 02-04 normalize into one task or a task with subtasks?","R1-AMAZON-01"
"02-02","02","商品研究","Consumer Pain 痛点提取","Temu","PARTIAL","UNCERTAIN","PARTIALLY_REVIEWED","MEDIUM","UNKNOWN","UNKNOWN","UNKNOWN","","","",""
"02-02","02","商品研究","Consumer Pain 痛点提取","TikTok Shop","YES","UNCERTAIN","NOT_REVIEWED","LOW","UNKNOWN","UNKNOWN","UNKNOWN","","","",""
"02-03","02","商品研究","Selling Point 卖点提取与验证","Amazon","YES","PERFORMED","EXPLICITLY_REVIEWED","HIGH","UNKNOWN","UNKNOWN","MERGE_CANDIDATE","Operator grouped this Candidate with product improvement-related work.","Strong Merge Candidate within the Product Improvement group; no merge was executed in Round 1.","Should 02-02 02-03 and 02-04 normalize into one task or a task with subtasks?","R1-AMAZON-01"
"02-03","02","商品研究","Selling Point 卖点提取与验证","Temu","YES","UNCERTAIN","PARTIALLY_REVIEWED","MEDIUM","UNKNOWN","UNKNOWN","UNKNOWN","","","",""
"02-03","02","商品研究","Selling Point 卖点提取与验证","TikTok Shop","YES","UNCERTAIN","NOT_REVIEWED","LOW","UNKNOWN","UNKNOWN","UNKNOWN","","","",""
"02-04","02","商品研究","产品改良机会分析","Amazon","YES","PERFORMED","EXPLICITLY_REVIEWED","HIGH","UNKNOWN","UNKNOWN","MERGE_CANDIDATE","Operator grouped this Candidate with product improvement-related work.","Strong Merge Candidate within the Product Improvement group; no merge was executed in Round 1.","Should 02-02 02-03 and 02-04 normalize into one task or a task with subtasks?","R1-AMAZON-01"
"02-04","02","商品研究","产品改良机会分析","Temu","YES","UNCERTAIN","PARTIALLY_REVIEWED","MEDIUM","UNKNOWN","UNKNOWN","UNKNOWN","","","",""
"02-04","02","商品研究","产品改良机会分析","TikTok Shop","YES","UNCERTAIN","NOT_REVIEWED","LOW","UNKNOWN","UNKNOWN","UNKNOWN","","","",""
"02-05","02","商品研究","使用场景分析","Amazon","YES","PERFORMED","EXPLICITLY_REVIEWED","HIGH","UNKNOWN","UNKNOWN","MERGE_CANDIDATE","Operator grouped this Candidate with product differentiation-related work.","Strong Merge Candidate within the Product Differentiation group; no merge was executed in Round 1.","Should 02-05 02-06 and 02-07 normalize into one task or a task with subtasks?","R1-AMAZON-02"
"02-05","02","商品研究","使用场景分析","Temu","YES","UNCERTAIN","PARTIALLY_REVIEWED","MEDIUM","UNKNOWN","UNKNOWN","UNKNOWN","","","",""
"02-05","02","商品研究","使用场景分析","TikTok Shop","YES","UNCERTAIN","NOT_REVIEWED","LOW","UNKNOWN","UNKNOWN","UNKNOWN","","","",""
"02-06","02","商品研究","竞品详情页 / Listing 分析","Amazon","YES","PERFORMED","EXPLICITLY_REVIEWED","HIGH","UNKNOWN","UNKNOWN","MERGE_CANDIDATE","Operator grouped this Candidate with product differentiation-related work.","Strong Merge Candidate within the Product Differentiation group; no merge was executed in Round 1.","Should 02-05 02-06 and 02-07 normalize into one task or a task with subtasks?","R1-AMAZON-02"
"02-06","02","商品研究","竞品详情页 / Listing 分析","Temu","YES","UNCERTAIN","PARTIALLY_REVIEWED","MEDIUM","UNKNOWN","UNKNOWN","UNKNOWN","","","",""
"02-06","02","商品研究","竞品详情页 / Listing 分析","TikTok Shop","YES","UNCERTAIN","NOT_REVIEWED","LOW","UNKNOWN","UNKNOWN","UNKNOWN","","","",""
"02-07","02","商品研究","产品差异化机会分析","Amazon","YES","PERFORMED","EXPLICITLY_REVIEWED","HIGH","UNKNOWN","UNKNOWN","MERGE_CANDIDATE","Operator grouped this Candidate with product differentiation-related work.","Strong Merge Candidate within the Product Differentiation group; no merge was executed in Round 1.","Should 02-05 02-06 and 02-07 normalize into one task or a task with subtasks?","R1-AMAZON-02"
"02-07","02","商品研究","产品差异化机会分析","Temu","YES","UNCERTAIN","PARTIALLY_REVIEWED","MEDIUM","UNKNOWN","UNKNOWN","UNKNOWN","","","",""
"02-07","02","商品研究","产品差异化机会分析","TikTok Shop","YES","UNCERTAIN","NOT_REVIEWED","LOW","UNKNOWN","UNKNOWN","UNKNOWN","","","",""
"03-01","03","Listing / 商品管理","创建商品 / 上架准备","Amazon","YES","UNCERTAIN","PARTIALLY_REVIEWED","MEDIUM","UNKNOWN","UNKNOWN","UNKNOWN","","","",""
"03-01","03","Listing / 商品管理","创建商品 / 上架准备","Temu","YES","UNCERTAIN","PARTIALLY_REVIEWED","MEDIUM","UNKNOWN","UNKNOWN","UNKNOWN","","","",""
"03-01","03","Listing / 商品管理","创建商品 / 上架准备","TikTok Shop","YES","UNCERTAIN","NOT_REVIEWED","LOW","UNKNOWN","UNKNOWN","UNKNOWN","","","",""
"03-02","03","Listing / 商品管理","类目选择","Amazon","YES","UNCERTAIN","PARTIALLY_REVIEWED","MEDIUM","UNKNOWN","UNKNOWN","UNKNOWN","","","",""
"03-02","03","Listing / 商品管理","类目选择","Temu","YES","UNCERTAIN","PARTIALLY_REVIEWED","MEDIUM","UNKNOWN","UNKNOWN","UNKNOWN","","","",""
"03-02","03","Listing / 商品管理","类目选择","TikTok Shop","YES","UNCERTAIN","NOT_REVIEWED","LOW","UNKNOWN","UNKNOWN","UNKNOWN","","","",""
"03-03","03","Listing / 商品管理","商品属性维护","Amazon","YES","UNCERTAIN","PARTIALLY_REVIEWED","MEDIUM","UNKNOWN","UNKNOWN","UNKNOWN","","","",""
"03-03","03","Listing / 商品管理","商品属性维护","Temu","YES","UNCERTAIN","PARTIALLY_REVIEWED","MEDIUM","UNKNOWN","UNKNOWN","UNKNOWN","","","",""
"03-03","03","Listing / 商品管理","商品属性维护","TikTok Shop","YES","UNCERTAIN","NOT_REVIEWED","LOW","UNKNOWN","UNKNOWN","UNKNOWN","","","",""
"03-04","03","Listing / 商品管理","标题优化","Amazon","YES","UNCERTAIN","PARTIALLY_REVIEWED","MEDIUM","UNKNOWN","UNKNOWN","UNKNOWN","","","",""
"03-04","03","Listing / 商品管理","标题优化","Temu","YES","UNCERTAIN","PARTIALLY_REVIEWED","MEDIUM","UNKNOWN","UNKNOWN","UNKNOWN","","","",""
"03-04","03","Listing / 商品管理","标题优化","TikTok Shop","YES","UNCERTAIN","NOT_REVIEWED","LOW","UNKNOWN","UNKNOWN","UNKNOWN","","","",""
"03-05","03","Listing / 商品管理","搜索关键词 / SEO 优化","Amazon","YES","UNCERTAIN","PARTIALLY_REVIEWED","MEDIUM","UNKNOWN","UNKNOWN","UNKNOWN","","","",""
"03-05","03","Listing / 商品管理","搜索关键词 / SEO 优化","Temu","PARTIAL","UNCERTAIN","PARTIALLY_REVIEWED","MEDIUM","UNKNOWN","UNKNOWN","UNKNOWN","","","",""
"03-05","03","Listing / 商品管理","搜索关键词 / SEO 优化","TikTok Shop","PARTIAL","UNCERTAIN","NOT_REVIEWED","LOW","UNKNOWN","UNKNOWN","UNKNOWN","","","",""
"03-06","03","Listing / 商品管理","主图 / 商品图策划与优化","Amazon","YES","UNCERTAIN","PARTIALLY_REVIEWED","MEDIUM","UNKNOWN","UNKNOWN","UNKNOWN","","","",""
"03-06","03","Listing / 商品管理","主图 / 商品图策划与优化","Temu","YES","UNCERTAIN","PARTIALLY_REVIEWED","MEDIUM","UNKNOWN","UNKNOWN","UNKNOWN","","","",""
"03-06","03","Listing / 商品管理","主图 / 商品图策划与优化","TikTok Shop","YES","UNCERTAIN","NOT_REVIEWED","LOW","UNKNOWN","UNKNOWN","UNKNOWN","","","",""
"03-07","03","Listing / 商品管理","详情页 / PDP / A+ 优化","Amazon","YES","UNCERTAIN","PARTIALLY_REVIEWED","MEDIUM","UNKNOWN","UNKNOWN","UNKNOWN","","","",""
"03-07","03","Listing / 商品管理","详情页 / PDP / A+ 优化","Temu","YES","UNCERTAIN","PARTIALLY_REVIEWED","MEDIUM","UNKNOWN","UNKNOWN","UNKNOWN","","","",""
"03-07","03","Listing / 商品管理","详情页 / PDP / A+ 优化","TikTok Shop","YES","UNCERTAIN","NOT_REVIEWED","LOW","UNKNOWN","UNKNOWN","UNKNOWN","","","",""
"03-08","03","Listing / 商品管理","Variant / SKU 关系管理","Amazon","YES","UNCERTAIN","PARTIALLY_REVIEWED","MEDIUM","UNKNOWN","UNKNOWN","UNKNOWN","","","",""
"03-08","03","Listing / 商品管理","Variant / SKU 关系管理","Temu","YES","UNCERTAIN","PARTIALLY_REVIEWED","MEDIUM","UNKNOWN","UNKNOWN","UNKNOWN","","","",""
"03-08","03","Listing / 商品管理","Variant / SKU 关系管理","TikTok Shop","YES","UNCERTAIN","NOT_REVIEWED","LOW","UNKNOWN","UNKNOWN","UNKNOWN","","","",""
"03-09","03","Listing / 商品管理","商品信息更新 / 同步","Amazon","YES","UNCERTAIN","PARTIALLY_REVIEWED","MEDIUM","UNKNOWN","UNKNOWN","UNKNOWN","","","",""
"03-09","03","Listing / 商品管理","商品信息更新 / 同步","Temu","YES","UNCERTAIN","PARTIALLY_REVIEWED","MEDIUM","UNKNOWN","UNKNOWN","UNKNOWN","","","",""
"03-09","03","Listing / 商品管理","商品信息更新 / 同步","TikTok Shop","YES","UNCERTAIN","NOT_REVIEWED","LOW","UNKNOWN","UNKNOWN","UNKNOWN","","","",""
"03-10","03","Listing / 商品管理","Listing 质量 / 异常诊断","Amazon","YES","UNCERTAIN","PARTIALLY_REVIEWED","MEDIUM","UNKNOWN","UNKNOWN","UNKNOWN","","","",""
"03-10","03","Listing / 商品管理","Listing 质量 / 异常诊断","Temu","YES","PERFORMED","EXPLICITLY_REVIEWED","HIGH","UNKNOWN","UNKNOWN","RENAME_CANDIDATE|MOVE_CANDIDATE","Operator described the actual work as 搞一个优化方案.","This may be optimization-plan work rather than only narrow Listing diagnosis; the Listing and Performance Analysis boundary remains open.","Should 03-10 be renamed or moved after separating diagnosis from optimization-plan formulation?","R1-TEMU-01"
"03-10","03","Listing / 商品管理","Listing 质量 / 异常诊断","TikTok Shop","YES","UNCERTAIN","NOT_REVIEWED","LOW","UNKNOWN","UNKNOWN","UNKNOWN","","","",""
"04-01","04","定价与促销","初始定价","Amazon","YES","UNCERTAIN","PARTIALLY_REVIEWED","MEDIUM","UNKNOWN","UNKNOWN","UNKNOWN","","","",""
"04-01","04","定价与促销","初始定价","Temu","YES","UNCERTAIN","PARTIALLY_REVIEWED","MEDIUM","UNKNOWN","UNKNOWN","UNKNOWN","","","",""
"04-01","04","定价与促销","初始定价","TikTok Shop","YES","UNCERTAIN","NOT_REVIEWED","LOW","UNKNOWN","UNKNOWN","UNKNOWN","","","",""
"04-02","04","定价与促销","竞争性调价","Amazon","YES","UNCERTAIN","PARTIALLY_REVIEWED","MEDIUM","UNKNOWN","UNKNOWN","UNKNOWN","","","",""
"04-02","04","定价与促销","竞争性调价","Temu","YES","UNCERTAIN","PARTIALLY_REVIEWED","MEDIUM","UNKNOWN","UNKNOWN","UNKNOWN","","","",""
"04-02","04","定价与促销","竞争性调价","TikTok Shop","YES","UNCERTAIN","NOT_REVIEWED","LOW","UNKNOWN","UNKNOWN","UNKNOWN","","","",""
"04-03","04","定价与促销","利润底线 / 成本约束校验","Amazon","YES","UNCERTAIN","PARTIALLY_REVIEWED","MEDIUM","UNKNOWN","UNKNOWN","UNKNOWN","","","",""
"04-03","04","定价与促销","利润底线 / 成本约束校验","Temu","YES","UNCERTAIN","PARTIALLY_REVIEWED","MEDIUM","UNKNOWN","UNKNOWN","UNKNOWN","","","",""
"04-03","04","定价与促销","利润底线 / 成本约束校验","TikTok Shop","YES","UNCERTAIN","NOT_REVIEWED","LOW","UNKNOWN","UNKNOWN","UNKNOWN","","","",""
"04-04","04","定价与促销","Coupon / Discount 设置","Amazon","YES","UNCERTAIN","PARTIALLY_REVIEWED","MEDIUM","UNKNOWN","UNKNOWN","UNKNOWN","","","",""
"04-04","04","定价与促销","Coupon / Discount 设置","Temu","YES","UNCERTAIN","PARTIALLY_REVIEWED","MEDIUM","UNKNOWN","UNKNOWN","UNKNOWN","","","",""
"04-04","04","定价与促销","Coupon / Discount 设置","TikTok Shop","YES","UNCERTAIN","NOT_REVIEWED","LOW","UNKNOWN","UNKNOWN","UNKNOWN","","","",""
"04-05","04","定价与促销","Deal / 平台活动报名","Amazon","YES","UNCERTAIN","PARTIALLY_REVIEWED","MEDIUM","UNKNOWN","UNKNOWN","UNKNOWN","","","",""
"04-05","04","定价与促销","Deal / 平台活动报名","Temu","YES","UNCERTAIN","PARTIALLY_REVIEWED","MEDIUM","UNKNOWN","UNKNOWN","UNKNOWN","","","",""
"04-05","04","定价与促销","Deal / 平台活动报名","TikTok Shop","YES","UNCERTAIN","NOT_REVIEWED","LOW","UNKNOWN","UNKNOWN","UNKNOWN","","","",""
"04-06","04","定价与促销","促销商品选择","Amazon","YES","UNCERTAIN","PARTIALLY_REVIEWED","MEDIUM","UNKNOWN","UNKNOWN","UNKNOWN","","","",""
"04-06","04","定价与促销","促销商品选择","Temu","YES","UNCERTAIN","PARTIALLY_REVIEWED","MEDIUM","UNKNOWN","UNKNOWN","UNKNOWN","","","",""
"04-06","04","定价与促销","促销商品选择","TikTok Shop","YES","UNCERTAIN","NOT_REVIEWED","LOW","UNKNOWN","UNKNOWN","UNKNOWN","","","",""
"04-07","04","定价与促销","促销效果复盘","Amazon","YES","UNCERTAIN","PARTIALLY_REVIEWED","MEDIUM","UNKNOWN","UNKNOWN","UNKNOWN","","","",""
"04-07","04","定价与促销","促销效果复盘","Temu","YES","UNCERTAIN","PARTIALLY_REVIEWED","MEDIUM","UNKNOWN","UNKNOWN","UNKNOWN","","","",""
"04-07","04","定价与促销","促销效果复盘","TikTok Shop","YES","UNCERTAIN","NOT_REVIEWED","LOW","UNKNOWN","UNKNOWN","UNKNOWN","","","",""
"05-01","05","库存与供应链","库存状态监控","Amazon","YES","UNCERTAIN","PARTIALLY_REVIEWED","MEDIUM","UNKNOWN","UNKNOWN","UNKNOWN","","","",""
"05-01","05","库存与供应链","库存状态监控","Temu","YES","UNCERTAIN","PARTIALLY_REVIEWED","MEDIUM","UNKNOWN","UNKNOWN","UNKNOWN","","","",""
"05-01","05","库存与供应链","库存状态监控","TikTok Shop","YES","UNCERTAIN","NOT_REVIEWED","LOW","UNKNOWN","UNKNOWN","UNKNOWN","","","",""
"05-02","05","库存与供应链","低库存 / 断货风险预警","Amazon","YES","UNCERTAIN","PARTIALLY_REVIEWED","MEDIUM","UNKNOWN","UNKNOWN","UNKNOWN","","","",""
"05-02","05","库存与供应链","低库存 / 断货风险预警","Temu","YES","UNCERTAIN","PARTIALLY_REVIEWED","MEDIUM","UNKNOWN","UNKNOWN","UNKNOWN","","","",""
"05-02","05","库存与供应链","低库存 / 断货风险预警","TikTok Shop","YES","UNCERTAIN","NOT_REVIEWED","LOW","UNKNOWN","UNKNOWN","UNKNOWN","","","",""
"05-03","05","库存与供应链","补货需求判断","Amazon","YES","UNCERTAIN","PARTIALLY_REVIEWED","MEDIUM","UNKNOWN","UNKNOWN","UNKNOWN","","","",""
"05-03","05","库存与供应链","补货需求判断","Temu","YES","UNCERTAIN","PARTIALLY_REVIEWED","MEDIUM","UNKNOWN","UNKNOWN","UNKNOWN","","","",""
"05-03","05","库存与供应链","补货需求判断","TikTok Shop","YES","UNCERTAIN","NOT_REVIEWED","LOW","UNKNOWN","UNKNOWN","UNKNOWN","","","",""
"05-04","05","库存与供应链","补货数量 / 节奏规划","Amazon","YES","UNCERTAIN","PARTIALLY_REVIEWED","MEDIUM","UNKNOWN","UNKNOWN","UNKNOWN","","","",""
"05-04","05","库存与供应链","补货数量 / 节奏规划","Temu","YES","UNCERTAIN","PARTIALLY_REVIEWED","MEDIUM","UNKNOWN","UNKNOWN","UNKNOWN","","","",""
"05-04","05","库存与供应链","补货数量 / 节奏规划","TikTok Shop","YES","UNCERTAIN","NOT_REVIEWED","LOW","UNKNOWN","UNKNOWN","UNKNOWN","","","",""
"05-05","05","库存与供应链","滞销 / 积压库存识别","Amazon","YES","UNCERTAIN","PARTIALLY_REVIEWED","MEDIUM","UNKNOWN","UNKNOWN","UNKNOWN","","","",""
"05-05","05","库存与供应链","滞销 / 积压库存识别","Temu","YES","UNCERTAIN","PARTIALLY_REVIEWED","MEDIUM","UNKNOWN","UNKNOWN","UNKNOWN","","","",""
"05-05","05","库存与供应链","滞销 / 积压库存识别","TikTok Shop","YES","UNCERTAIN","NOT_REVIEWED","LOW","UNKNOWN","UNKNOWN","UNKNOWN","","","",""
"05-06","05","库存与供应链","仓储 / 履约方式选择","Amazon","YES","UNCERTAIN","PARTIALLY_REVIEWED","MEDIUM","UNKNOWN","UNKNOWN","UNKNOWN","","","",""
"05-06","05","库存与供应链","仓储 / 履约方式选择","Temu","YES","UNCERTAIN","PARTIALLY_REVIEWED","MEDIUM","UNKNOWN","UNKNOWN","UNKNOWN","","","",""
"05-06","05","库存与供应链","仓储 / 履约方式选择","TikTok Shop","YES","UNCERTAIN","NOT_REVIEWED","LOW","UNKNOWN","UNKNOWN","UNKNOWN","","","",""
"05-07","05","库存与供应链","入仓 / 发货计划","Amazon","YES","UNCERTAIN","PARTIALLY_REVIEWED","MEDIUM","UNKNOWN","UNKNOWN","UNKNOWN","","","",""
"05-07","05","库存与供应链","入仓 / 发货计划","Temu","YES","UNCERTAIN","PARTIALLY_REVIEWED","MEDIUM","UNKNOWN","UNKNOWN","UNKNOWN","","","",""
"05-07","05","库存与供应链","入仓 / 发货计划","TikTok Shop","YES","UNCERTAIN","NOT_REVIEWED","LOW","UNKNOWN","UNKNOWN","UNKNOWN","","","",""
"05-08","05","库存与供应链","库存调拨 / 多渠道库存同步","Amazon","YES","UNCERTAIN","PARTIALLY_REVIEWED","MEDIUM","UNKNOWN","UNKNOWN","UNKNOWN","","","",""
"05-08","05","库存与供应链","库存调拨 / 多渠道库存同步","Temu","YES","UNCERTAIN","PARTIALLY_REVIEWED","MEDIUM","UNKNOWN","UNKNOWN","UNKNOWN","","","",""
"05-08","05","库存与供应链","库存调拨 / 多渠道库存同步","TikTok Shop","YES","UNCERTAIN","NOT_REVIEWED","LOW","UNKNOWN","UNKNOWN","UNKNOWN","","","",""
"05-09","05","库存与供应链","物流 / 履约异常监控","Amazon","YES","UNCERTAIN","PARTIALLY_REVIEWED","MEDIUM","UNKNOWN","UNKNOWN","UNKNOWN","","","",""
"05-09","05","库存与供应链","物流 / 履约异常监控","Temu","YES","UNCERTAIN","PARTIALLY_REVIEWED","MEDIUM","UNKNOWN","UNKNOWN","UNKNOWN","","","",""
"05-09","05","库存与供应链","物流 / 履约异常监控","TikTok Shop","YES","UNCERTAIN","NOT_REVIEWED","LOW","UNKNOWN","UNKNOWN","UNKNOWN","","","",""
"06-01","06","流量与广告","流量来源分析","Amazon","YES","UNCERTAIN","PARTIALLY_REVIEWED","MEDIUM","UNKNOWN","UNKNOWN","UNKNOWN","","","",""
"06-01","06","流量与广告","流量来源分析","Temu","YES","UNCERTAIN","PARTIALLY_REVIEWED","MEDIUM","UNKNOWN","UNKNOWN","UNKNOWN","","","",""
"06-01","06","流量与广告","流量来源分析","TikTok Shop","YES","UNCERTAIN","NOT_REVIEWED","LOW","UNKNOWN","UNKNOWN","UNKNOWN","","","",""
"06-02","06","流量与广告","广告商品 / 投放机会选择","Amazon","YES","UNCERTAIN","PARTIALLY_REVIEWED","MEDIUM","UNKNOWN","UNKNOWN","UNKNOWN","","","",""
"06-02","06","流量与广告","广告商品 / 投放机会选择","Temu","YES","UNCERTAIN","PARTIALLY_REVIEWED","MEDIUM","UNKNOWN","UNKNOWN","UNKNOWN","","","",""
"06-02","06","流量与广告","广告商品 / 投放机会选择","TikTok Shop","YES","UNCERTAIN","EXPLICITLY_REVIEWED","HIGH","UNKNOWN","UNKNOWN","REMOVE_CANDIDATE","Operator deleted this Candidate during review.","The deletion action is explicit but its structural reason is unknown; no removal was executed in Round 1.","Does the deletion mean non-applicability duplication automation outsourcing role separation or a genuine removal candidate?","R1-TIKTOK-01"
"06-03","06","流量与广告","广告创建 / Campaign 结构规划","Amazon","YES","UNCERTAIN","PARTIALLY_REVIEWED","MEDIUM","UNKNOWN","UNKNOWN","UNKNOWN","","","",""
"06-03","06","流量与广告","广告创建 / Campaign 结构规划","Temu","YES","UNCERTAIN","PARTIALLY_REVIEWED","MEDIUM","UNKNOWN","UNKNOWN","UNKNOWN","","","",""
"06-03","06","流量与广告","广告创建 / Campaign 结构规划","TikTok Shop","YES","UNCERTAIN","NOT_REVIEWED","LOW","UNKNOWN","UNKNOWN","UNKNOWN","","","",""
"06-04","06","流量与广告","Keyword / Search Term 优化","Amazon","YES","UNCERTAIN","PARTIALLY_REVIEWED","MEDIUM","UNKNOWN","UNKNOWN","UNKNOWN","","","",""
"06-04","06","流量与广告","Keyword / Search Term 优化","Temu","PARTIAL","UNCERTAIN","PARTIALLY_REVIEWED","MEDIUM","UNKNOWN","UNKNOWN","UNKNOWN","","","",""
"06-04","06","流量与广告","Keyword / Search Term 优化","TikTok Shop","PARTIAL","UNCERTAIN","NOT_REVIEWED","LOW","UNKNOWN","UNKNOWN","UNKNOWN","","","",""
"06-05","06","流量与广告","广告预算分配","Amazon","YES","UNCERTAIN","PARTIALLY_REVIEWED","MEDIUM","UNKNOWN","UNKNOWN","UNKNOWN","","","",""
"06-05","06","流量与广告","广告预算分配","Temu","YES","UNCERTAIN","PARTIALLY_REVIEWED","MEDIUM","UNKNOWN","UNKNOWN","UNKNOWN","","","",""
"06-05","06","流量与广告","广告预算分配","TikTok Shop","YES","UNCERTAIN","NOT_REVIEWED","LOW","UNKNOWN","UNKNOWN","UNKNOWN","","","",""
"06-06","06","流量与广告","Bid / 竞价调整","Amazon","YES","UNCERTAIN","PARTIALLY_REVIEWED","MEDIUM","UNKNOWN","UNKNOWN","UNKNOWN","","","",""
"06-06","06","流量与广告","Bid / 竞价调整","Temu","PARTIAL","UNCERTAIN","PARTIALLY_REVIEWED","MEDIUM","UNKNOWN","UNKNOWN","UNKNOWN","","","",""
"06-06","06","流量与广告","Bid / 竞价调整","TikTok Shop","YES","UNCERTAIN","EXPLICITLY_REVIEWED","HIGH","UNKNOWN","UNKNOWN","REMOVE_CANDIDATE","Operator deleted this Candidate during review.","The deletion action is explicit but its structural reason is unknown; no removal was executed in Round 1.","Does the deletion mean non-applicability duplication automation outsourcing role separation or a genuine removal candidate?","R1-TIKTOK-01"
"06-07","06","流量与广告","低效 / 无效流量处理","Amazon","YES","UNCERTAIN","PARTIALLY_REVIEWED","MEDIUM","UNKNOWN","UNKNOWN","UNKNOWN","","","",""
"06-07","06","流量与广告","低效 / 无效流量处理","Temu","PARTIAL","UNCERTAIN","PARTIALLY_REVIEWED","MEDIUM","UNKNOWN","UNKNOWN","UNKNOWN","","","",""
"06-07","06","流量与广告","低效 / 无效流量处理","TikTok Shop","YES","UNCERTAIN","NOT_REVIEWED","LOW","UNKNOWN","UNKNOWN","UNKNOWN","","","",""
"06-08","06","流量与广告","广告表现诊断与优化","Amazon","YES","UNCERTAIN","PARTIALLY_REVIEWED","MEDIUM","UNKNOWN","UNKNOWN","UNKNOWN","","","",""
"06-08","06","流量与广告","广告表现诊断与优化","Temu","YES","UNCERTAIN","PARTIALLY_REVIEWED","MEDIUM","UNKNOWN","UNKNOWN","UNKNOWN","","","",""
"06-08","06","流量与广告","广告表现诊断与优化","TikTok Shop","YES","UNCERTAIN","NOT_REVIEWED","LOW","UNKNOWN","UNKNOWN","UNKNOWN","","","",""
"06-09","06","流量与广告","ROI / ROAS 复盘","Amazon","YES","UNCERTAIN","PARTIALLY_REVIEWED","MEDIUM","UNKNOWN","UNKNOWN","UNKNOWN","","","",""
"06-09","06","流量与广告","ROI / ROAS 复盘","Temu","YES","UNCERTAIN","PARTIALLY_REVIEWED","MEDIUM","UNKNOWN","UNKNOWN","UNKNOWN","","","",""
"06-09","06","流量与广告","ROI / ROAS 复盘","TikTok Shop","YES","UNCERTAIN","NOT_REVIEWED","LOW","UNKNOWN","UNKNOWN","UNKNOWN","","","",""
"07-01","07","内容与达人","视频选题","Amazon","PARTIAL","UNCERTAIN","PARTIALLY_REVIEWED","MEDIUM","UNKNOWN","UNKNOWN","UNKNOWN","","","",""
"07-01","07","内容与达人","视频选题","Temu","PARTIAL","UNCERTAIN","PARTIALLY_REVIEWED","MEDIUM","UNKNOWN","UNKNOWN","UNKNOWN","","","",""
"07-01","07","内容与达人","视频选题","TikTok Shop","YES","UNCERTAIN","NOT_REVIEWED","LOW","UNKNOWN","UNKNOWN","UNKNOWN","","","",""
"07-02","07","内容与达人","Hook / 视频脚本策划","Amazon","PARTIAL","UNCERTAIN","PARTIALLY_REVIEWED","MEDIUM","UNKNOWN","UNKNOWN","UNKNOWN","","","",""
"07-02","07","内容与达人","Hook / 视频脚本策划","Temu","PARTIAL","UNCERTAIN","PARTIALLY_REVIEWED","MEDIUM","UNKNOWN","UNKNOWN","UNKNOWN","","","",""
"07-02","07","内容与达人","Hook / 视频脚本策划","TikTok Shop","YES","UNCERTAIN","NOT_REVIEWED","LOW","UNKNOWN","UNKNOWN","UNKNOWN","","","",""
"07-03","07","内容与达人","Storyboard / 拍摄方案设计","Amazon","PARTIAL","UNCERTAIN","PARTIALLY_REVIEWED","MEDIUM","UNKNOWN","UNKNOWN","UNKNOWN","","","",""
"07-03","07","内容与达人","Storyboard / 拍摄方案设计","Temu","PARTIAL","UNCERTAIN","PARTIALLY_REVIEWED","MEDIUM","UNKNOWN","UNKNOWN","UNKNOWN","","","",""
"07-03","07","内容与达人","Storyboard / 拍摄方案设计","TikTok Shop","YES","UNCERTAIN","NOT_REVIEWED","LOW","UNKNOWN","UNKNOWN","UNKNOWN","","","",""
"07-04","07","内容与达人","商品素材生产","Amazon","YES","UNCERTAIN","PARTIALLY_REVIEWED","MEDIUM","EXTERNAL_PERSONNEL","UNKNOWN","MOVE_CANDIDATE","Domain-level evidence only: brand-promotion and influencer-shot videos exist and are usually completed by overseas personnel; this is not item-level confirmation.","Potential Creative Production activity; external execution remains AS-IS work and exact placement is unresolved.","Should product asset production move from the mixed Content and Creator domain into Creative Production while retaining lineage?","R1-AMAZON-04"
"07-04","07","内容与达人","商品素材生产","Temu","YES","PERFORMED","EXPLICITLY_REVIEWED","HIGH","UNKNOWN","AI_ENABLED","MOVE_CANDIDATE","Operator reported AI product display image production in AS-IS work.","This directly supports product asset and Creative Production activity; exact domain placement remains open.","Should product asset production move from the mixed Content and Creator domain into Creative Production while retaining lineage?","R1-TEMU-03"
"07-04","07","内容与达人","商品素材生产","TikTok Shop","YES","UNCERTAIN","NOT_REVIEWED","LOW","UNKNOWN","UNKNOWN","UNKNOWN","","","",""
"07-05","07","内容与达人","素材筛选 / 剪辑","Amazon","PARTIAL","UNCERTAIN","PARTIALLY_REVIEWED","MEDIUM","UNKNOWN","UNKNOWN","UNKNOWN","","","",""
"07-05","07","内容与达人","素材筛选 / 剪辑","Temu","PARTIAL","UNCERTAIN","PARTIALLY_REVIEWED","MEDIUM","UNKNOWN","UNKNOWN","UNKNOWN","","","",""
"07-05","07","内容与达人","素材筛选 / 剪辑","TikTok Shop","YES","UNCERTAIN","NOT_REVIEWED","LOW","UNKNOWN","UNKNOWN","UNKNOWN","","","",""
"07-06","07","内容与达人","内容发布计划","Amazon","PARTIAL","UNCERTAIN","PARTIALLY_REVIEWED","MEDIUM","UNKNOWN","UNKNOWN","UNKNOWN","","","",""
"07-06","07","内容与达人","内容发布计划","Temu","PARTIAL","UNCERTAIN","PARTIALLY_REVIEWED","MEDIUM","UNKNOWN","UNKNOWN","UNKNOWN","","","",""
"07-06","07","内容与达人","内容发布计划","TikTok Shop","YES","UNCERTAIN","NOT_REVIEWED","LOW","UNKNOWN","UNKNOWN","UNKNOWN","","","",""
"07-07","07","内容与达人","内容表现分析","Amazon","PARTIAL","UNCERTAIN","PARTIALLY_REVIEWED","MEDIUM","UNKNOWN","UNKNOWN","UNKNOWN","","","",""
"07-07","07","内容与达人","内容表现分析","Temu","PARTIAL","UNCERTAIN","PARTIALLY_REVIEWED","MEDIUM","UNKNOWN","UNKNOWN","UNKNOWN","","","",""
"07-07","07","内容与达人","内容表现分析","TikTok Shop","YES","UNCERTAIN","NOT_REVIEWED","LOW","UNKNOWN","UNKNOWN","UNKNOWN","","","",""
"07-08","07","内容与达人","爆款内容结构拆解","Amazon","PARTIAL","UNCERTAIN","PARTIALLY_REVIEWED","MEDIUM","UNKNOWN","UNKNOWN","UNKNOWN","","","",""
"07-08","07","内容与达人","爆款内容结构拆解","Temu","PARTIAL","UNCERTAIN","PARTIALLY_REVIEWED","MEDIUM","UNKNOWN","UNKNOWN","UNKNOWN","","","",""
"07-08","07","内容与达人","爆款内容结构拆解","TikTok Shop","YES","UNCERTAIN","NOT_REVIEWED","LOW","UNKNOWN","UNKNOWN","UNKNOWN","","","",""
"07-09","07","内容与达人","达人发现","Amazon","PARTIAL","UNCERTAIN","PARTIALLY_REVIEWED","MEDIUM","UNKNOWN","UNKNOWN","UNKNOWN","Domain-level evidence only: the operator does not undertake TikTok-style high-frequency creator operations; this is not item-level confirmation.","This may be a platform or company operating-model variant and does not prove that creator-related activity is absent.","Is this Candidate not performed in the reviewed company context or handled by another role vendor agency or operating model?","R1-AMAZON-03"
"07-09","07","内容与达人","达人发现","Temu","PARTIAL","UNCERTAIN","PARTIALLY_REVIEWED","MEDIUM","UNKNOWN","UNKNOWN","UNKNOWN","Domain-level evidence only: the operator does not undertake TikTok-style creator operations; this is not item-level confirmation.","This may be a platform or company operating-model variant and does not prove that creator-related capability or external work is absent.","Is this Candidate not performed in the reviewed company context or handled by another role vendor agency or operating model?","R1-TEMU-02"
"07-09","07","内容与达人","达人发现","TikTok Shop","YES","UNCERTAIN","NOT_REVIEWED","LOW","UNKNOWN","UNKNOWN","UNKNOWN","","","",""
"07-10","07","内容与达人","达人筛选","Amazon","PARTIAL","UNCERTAIN","PARTIALLY_REVIEWED","MEDIUM","UNKNOWN","UNKNOWN","UNKNOWN","Domain-level evidence only: the operator does not undertake TikTok-style high-frequency creator operations; this is not item-level confirmation.","This may be a platform or company operating-model variant and does not prove that creator-related activity is absent.","Is this Candidate not performed in the reviewed company context or handled by another role vendor agency or operating model?","R1-AMAZON-03"
"07-10","07","内容与达人","达人筛选","Temu","PARTIAL","UNCERTAIN","PARTIALLY_REVIEWED","MEDIUM","UNKNOWN","UNKNOWN","UNKNOWN","Domain-level evidence only: the operator does not undertake TikTok-style creator operations; this is not item-level confirmation.","This may be a platform or company operating-model variant and does not prove that creator-related capability or external work is absent.","Is this Candidate not performed in the reviewed company context or handled by another role vendor agency or operating model?","R1-TEMU-02"
"07-10","07","内容与达人","达人筛选","TikTok Shop","YES","UNCERTAIN","NOT_REVIEWED","LOW","UNKNOWN","UNKNOWN","UNKNOWN","","","",""
"07-11","07","内容与达人","达人邀约 / 合作管理","Amazon","PARTIAL","UNCERTAIN","PARTIALLY_REVIEWED","MEDIUM","UNKNOWN","UNKNOWN","UNKNOWN","Domain-level evidence only: the operator does not undertake TikTok-style high-frequency creator operations; this is not item-level confirmation.","This may be a platform or company operating-model variant and does not prove that creator-related activity is absent.","Is this Candidate not performed in the reviewed company context or handled by another role vendor agency or operating model?","R1-AMAZON-03"
"07-11","07","内容与达人","达人邀约 / 合作管理","Temu","PARTIAL","UNCERTAIN","PARTIALLY_REVIEWED","MEDIUM","UNKNOWN","UNKNOWN","UNKNOWN","Domain-level evidence only: the operator does not undertake TikTok-style creator operations; this is not item-level confirmation.","This may be a platform or company operating-model variant and does not prove that creator-related capability or external work is absent.","Is this Candidate not performed in the reviewed company context or handled by another role vendor agency or operating model?","R1-TEMU-02"
"07-11","07","内容与达人","达人邀约 / 合作管理","TikTok Shop","YES","UNCERTAIN","NOT_REVIEWED","LOW","UNKNOWN","UNKNOWN","UNKNOWN","","","",""
"07-12","07","内容与达人","寄样 / Commission 管理","Amazon","PARTIAL","UNCERTAIN","PARTIALLY_REVIEWED","MEDIUM","UNKNOWN","UNKNOWN","UNKNOWN","Domain-level evidence only: the operator does not undertake TikTok-style high-frequency creator operations; this is not item-level confirmation.","This may be a platform or company operating-model variant and does not prove that creator-related activity is absent.","Is this Candidate not performed in the reviewed company context or handled by another role vendor agency or operating model?","R1-AMAZON-03"
"07-12","07","内容与达人","寄样 / Commission 管理","Temu","PARTIAL","UNCERTAIN","PARTIALLY_REVIEWED","MEDIUM","UNKNOWN","UNKNOWN","UNKNOWN","Domain-level evidence only: the operator does not undertake TikTok-style creator operations; this is not item-level confirmation.","This may be a platform or company operating-model variant and does not prove that creator-related capability or external work is absent.","Is this Candidate not performed in the reviewed company context or handled by another role vendor agency or operating model?","R1-TEMU-02"
"07-12","07","内容与达人","寄样 / Commission 管理","TikTok Shop","YES","UNCERTAIN","NOT_REVIEWED","LOW","UNKNOWN","UNKNOWN","UNKNOWN","","","",""
"07-13","07","内容与达人","LIVE 策划与复盘","Amazon","NO","UNCERTAIN","PARTIALLY_REVIEWED","MEDIUM","UNKNOWN","UNKNOWN","UNKNOWN","","","",""
"07-13","07","内容与达人","LIVE 策划与复盘","Temu","NO","UNCERTAIN","PARTIALLY_REVIEWED","MEDIUM","UNKNOWN","UNKNOWN","UNKNOWN","","","",""
"07-13","07","内容与达人","LIVE 策划与复盘","TikTok Shop","YES","UNCERTAIN","EXPLICITLY_REVIEWED","HIGH","UNKNOWN","UNKNOWN","REMOVE_CANDIDATE","Operator deleted this Candidate during review.","The deletion action is explicit but its structural reason is unknown; no removal was executed in Round 1.","Does the deletion mean non-applicability duplication automation outsourcing role separation or a genuine removal candidate?","R1-TIKTOK-01"
"08-01","08","订单与售后","订单异常处理","Amazon","YES","UNCERTAIN","PARTIALLY_REVIEWED","MEDIUM","UNKNOWN","UNKNOWN","UNKNOWN","","","",""
"08-01","08","订单与售后","订单异常处理","Temu","YES","UNCERTAIN","PARTIALLY_REVIEWED","MEDIUM","UNKNOWN","UNKNOWN","UNKNOWN","","","",""
"08-01","08","订单与售后","订单异常处理","TikTok Shop","YES","UNCERTAIN","NOT_REVIEWED","LOW","UNKNOWN","UNKNOWN","UNKNOWN","","","",""
"08-02","08","订单与售后","取消订单处理","Amazon","YES","UNCERTAIN","PARTIALLY_REVIEWED","MEDIUM","UNKNOWN","UNKNOWN","UNKNOWN","","","",""
"08-02","08","订单与售后","取消订单处理","Temu","YES","UNCERTAIN","PARTIALLY_REVIEWED","MEDIUM","UNKNOWN","UNKNOWN","UNKNOWN","","","",""
"08-02","08","订单与售后","取消订单处理","TikTok Shop","YES","UNCERTAIN","NOT_REVIEWED","LOW","UNKNOWN","UNKNOWN","UNKNOWN","","","",""
"08-03","08","订单与售后","发货异常处理","Amazon","YES","UNCERTAIN","PARTIALLY_REVIEWED","MEDIUM","UNKNOWN","UNKNOWN","UNKNOWN","","","",""
"08-03","08","订单与售后","发货异常处理","Temu","YES","UNCERTAIN","PARTIALLY_REVIEWED","MEDIUM","UNKNOWN","UNKNOWN","UNKNOWN","","","",""
"08-03","08","订单与售后","发货异常处理","TikTok Shop","YES","UNCERTAIN","NOT_REVIEWED","LOW","UNKNOWN","UNKNOWN","UNKNOWN","","","",""
"08-04","08","订单与售后","物流咨询 / 物流异常处理","Amazon","YES","UNCERTAIN","PARTIALLY_REVIEWED","MEDIUM","UNKNOWN","UNKNOWN","UNKNOWN","","","",""
"08-04","08","订单与售后","物流咨询 / 物流异常处理","Temu","YES","UNCERTAIN","PARTIALLY_REVIEWED","MEDIUM","UNKNOWN","UNKNOWN","UNKNOWN","","","",""
"08-04","08","订单与售后","物流咨询 / 物流异常处理","TikTok Shop","YES","UNCERTAIN","NOT_REVIEWED","LOW","UNKNOWN","UNKNOWN","UNKNOWN","","","",""
"08-05","08","订单与售后","退货处理","Amazon","YES","UNCERTAIN","PARTIALLY_REVIEWED","MEDIUM","UNKNOWN","UNKNOWN","UNKNOWN","","","",""
"08-05","08","订单与售后","退货处理","Temu","YES","UNCERTAIN","PARTIALLY_REVIEWED","MEDIUM","UNKNOWN","UNKNOWN","UNKNOWN","","","",""
"08-05","08","订单与售后","退货处理","TikTok Shop","YES","UNCERTAIN","NOT_REVIEWED","LOW","UNKNOWN","UNKNOWN","UNKNOWN","","","",""
"08-06","08","订单与售后","退款处理","Amazon","YES","UNCERTAIN","PARTIALLY_REVIEWED","MEDIUM","UNKNOWN","UNKNOWN","UNKNOWN","","","",""
"08-06","08","订单与售后","退款处理","Temu","YES","UNCERTAIN","PARTIALLY_REVIEWED","MEDIUM","UNKNOWN","UNKNOWN","UNKNOWN","","","",""
"08-06","08","订单与售后","退款处理","TikTok Shop","YES","UNCERTAIN","NOT_REVIEWED","LOW","UNKNOWN","UNKNOWN","UNKNOWN","","","",""
"08-07","08","订单与售后","客户咨询 / 消息处理","Amazon","YES","UNCERTAIN","PARTIALLY_REVIEWED","MEDIUM","UNKNOWN","UNKNOWN","UNKNOWN","","","",""
"08-07","08","订单与售后","客户咨询 / 消息处理","Temu","YES","UNCERTAIN","PARTIALLY_REVIEWED","MEDIUM","UNKNOWN","UNKNOWN","UNKNOWN","","","",""
"08-07","08","订单与售后","客户咨询 / 消息处理","TikTok Shop","YES","UNCERTAIN","NOT_REVIEWED","LOW","UNKNOWN","UNKNOWN","UNKNOWN","","","",""
"08-08","08","订单与售后","差评 / 投诉处理","Amazon","YES","UNCERTAIN","PARTIALLY_REVIEWED","MEDIUM","UNKNOWN","UNKNOWN","UNKNOWN","","","",""
"08-08","08","订单与售后","差评 / 投诉处理","Temu","YES","UNCERTAIN","PARTIALLY_REVIEWED","MEDIUM","UNKNOWN","UNKNOWN","UNKNOWN","","","",""
"08-08","08","订单与售后","差评 / 投诉处理","TikTok Shop","YES","UNCERTAIN","NOT_REVIEWED","LOW","UNKNOWN","UNKNOWN","UNKNOWN","","","",""
"09-01","09","经营分析","GMV / 销售额分析","Amazon","YES","UNCERTAIN","PARTIALLY_REVIEWED","MEDIUM","UNKNOWN","UNKNOWN","UNKNOWN","","","",""
"09-01","09","经营分析","GMV / 销售额分析","Temu","YES","UNCERTAIN","PARTIALLY_REVIEWED","MEDIUM","UNKNOWN","UNKNOWN","UNKNOWN","","","",""
"09-01","09","经营分析","GMV / 销售额分析","TikTok Shop","YES","UNCERTAIN","NOT_REVIEWED","LOW","UNKNOWN","UNKNOWN","UNKNOWN","","","",""
"09-02","09","经营分析","销量趋势分析","Amazon","YES","UNCERTAIN","PARTIALLY_REVIEWED","MEDIUM","UNKNOWN","UNKNOWN","UNKNOWN","","","",""
"09-02","09","经营分析","销量趋势分析","Temu","YES","UNCERTAIN","PARTIALLY_REVIEWED","MEDIUM","UNKNOWN","UNKNOWN","UNKNOWN","","","",""
"09-02","09","经营分析","销量趋势分析","TikTok Shop","YES","UNCERTAIN","NOT_REVIEWED","LOW","UNKNOWN","UNKNOWN","UNKNOWN","","","",""
"09-03","09","经营分析","流量分析","Amazon","YES","UNCERTAIN","PARTIALLY_REVIEWED","MEDIUM","UNKNOWN","UNKNOWN","UNKNOWN","","","",""
"09-03","09","经营分析","流量分析","Temu","YES","UNCERTAIN","PARTIALLY_REVIEWED","MEDIUM","UNKNOWN","UNKNOWN","UNKNOWN","","","",""
"09-03","09","经营分析","流量分析","TikTok Shop","YES","UNCERTAIN","NOT_REVIEWED","LOW","UNKNOWN","UNKNOWN","UNKNOWN","","","",""
"09-04","09","经营分析","转化率分析","Amazon","YES","UNCERTAIN","PARTIALLY_REVIEWED","MEDIUM","UNKNOWN","UNKNOWN","UNKNOWN","","","",""
"09-04","09","经营分析","转化率分析","Temu","YES","UNCERTAIN","PARTIALLY_REVIEWED","MEDIUM","UNKNOWN","UNKNOWN","UNKNOWN","","","",""
"09-04","09","经营分析","转化率分析","TikTok Shop","YES","UNCERTAIN","NOT_REVIEWED","LOW","UNKNOWN","UNKNOWN","UNKNOWN","","","",""
"09-05","09","经营分析","利润 / 贡献毛利分析","Amazon","YES","UNCERTAIN","PARTIALLY_REVIEWED","MEDIUM","UNKNOWN","UNKNOWN","UNKNOWN","","","",""
"09-05","09","经营分析","利润 / 贡献毛利分析","Temu","YES","UNCERTAIN","PARTIALLY_REVIEWED","MEDIUM","UNKNOWN","UNKNOWN","UNKNOWN","","","",""
"09-05","09","经营分析","利润 / 贡献毛利分析","TikTok Shop","YES","UNCERTAIN","NOT_REVIEWED","LOW","UNKNOWN","UNKNOWN","UNKNOWN","","","",""
"09-06","09","经营分析","商品表现分析","Amazon","YES","UNCERTAIN","PARTIALLY_REVIEWED","MEDIUM","UNKNOWN","UNKNOWN","UNKNOWN","","","",""
"09-06","09","经营分析","商品表现分析","Temu","YES","UNCERTAIN","PARTIALLY_REVIEWED","MEDIUM","UNKNOWN","UNKNOWN","UNKNOWN","","","",""
"09-06","09","经营分析","商品表现分析","TikTok Shop","YES","UNCERTAIN","NOT_REVIEWED","LOW","UNKNOWN","UNKNOWN","UNKNOWN","","","",""
"09-07","09","经营分析","广告表现分析","Amazon","YES","UNCERTAIN","PARTIALLY_REVIEWED","MEDIUM","UNKNOWN","UNKNOWN","UNKNOWN","","","",""
"09-07","09","经营分析","广告表现分析","Temu","YES","UNCERTAIN","PARTIALLY_REVIEWED","MEDIUM","UNKNOWN","UNKNOWN","UNKNOWN","","","",""
"09-07","09","经营分析","广告表现分析","TikTok Shop","YES","UNCERTAIN","NOT_REVIEWED","LOW","UNKNOWN","UNKNOWN","UNKNOWN","","","",""
"09-08","09","经营分析","内容 / 达人表现分析","Amazon","PARTIAL","UNCERTAIN","PARTIALLY_REVIEWED","MEDIUM","UNKNOWN","UNKNOWN","UNKNOWN","","","",""
"09-08","09","经营分析","内容 / 达人表现分析","Temu","PARTIAL","UNCERTAIN","PARTIALLY_REVIEWED","MEDIUM","UNKNOWN","UNKNOWN","UNKNOWN","","","",""
"09-08","09","经营分析","内容 / 达人表现分析","TikTok Shop","YES","UNCERTAIN","NOT_REVIEWED","LOW","UNKNOWN","UNKNOWN","UNKNOWN","","","",""
"09-09","09","经营分析","经营异常诊断","Amazon","YES","UNCERTAIN","PARTIALLY_REVIEWED","MEDIUM","UNKNOWN","UNKNOWN","UNKNOWN","","","",""
"09-09","09","经营分析","经营异常诊断","Temu","YES","UNCERTAIN","PARTIALLY_REVIEWED","MEDIUM","UNKNOWN","UNKNOWN","UNKNOWN","","","",""
"09-09","09","经营分析","经营异常诊断","TikTok Shop","YES","UNCERTAIN","NOT_REVIEWED","LOW","UNKNOWN","UNKNOWN","UNKNOWN","","","",""
"10-01","10","店铺治理与合规","Account / Shop Health 监控","Amazon","YES","UNCERTAIN","PARTIALLY_REVIEWED","MEDIUM","UNKNOWN","UNKNOWN","UNKNOWN","","","",""
"10-01","10","店铺治理与合规","Account / Shop Health 监控","Temu","YES","UNCERTAIN","PARTIALLY_REVIEWED","MEDIUM","UNKNOWN","UNKNOWN","UNKNOWN","","","",""
"10-01","10","店铺治理与合规","Account / Shop Health 监控","TikTok Shop","YES","UNCERTAIN","NOT_REVIEWED","LOW","UNKNOWN","UNKNOWN","UNKNOWN","","","",""
"10-02","10","店铺治理与合规","违规风险识别","Amazon","YES","UNCERTAIN","PARTIALLY_REVIEWED","MEDIUM","UNKNOWN","UNKNOWN","UNKNOWN","","","",""
"10-02","10","店铺治理与合规","违规风险识别","Temu","YES","UNCERTAIN","PARTIALLY_REVIEWED","MEDIUM","UNKNOWN","UNKNOWN","UNKNOWN","","","",""
"10-02","10","店铺治理与合规","违规风险识别","TikTok Shop","YES","UNCERTAIN","NOT_REVIEWED","LOW","UNKNOWN","UNKNOWN","UNKNOWN","","","",""
"10-03","10","店铺治理与合规","违规申诉","Amazon","YES","UNCERTAIN","PARTIALLY_REVIEWED","MEDIUM","UNKNOWN","UNKNOWN","UNKNOWN","","","",""
"10-03","10","店铺治理与合规","违规申诉","Temu","YES","UNCERTAIN","PARTIALLY_REVIEWED","MEDIUM","UNKNOWN","UNKNOWN","UNKNOWN","","","",""
"10-03","10","店铺治理与合规","违规申诉","TikTok Shop","YES","UNCERTAIN","NOT_REVIEWED","LOW","UNKNOWN","UNKNOWN","UNKNOWN","","","",""
"10-04","10","店铺治理与合规","商品合规审查","Amazon","YES","UNCERTAIN","PARTIALLY_REVIEWED","MEDIUM","UNKNOWN","UNKNOWN","UNKNOWN","","","",""
"10-04","10","店铺治理与合规","商品合规审查","Temu","YES","UNCERTAIN","PARTIALLY_REVIEWED","MEDIUM","UNKNOWN","UNKNOWN","UNKNOWN","","","",""
"10-04","10","店铺治理与合规","商品合规审查","TikTok Shop","YES","UNCERTAIN","NOT_REVIEWED","LOW","UNKNOWN","UNKNOWN","UNKNOWN","","","",""
"10-05","10","店铺治理与合规","知识产权 / 品牌风险检查","Amazon","YES","UNCERTAIN","PARTIALLY_REVIEWED","MEDIUM","UNKNOWN","UNKNOWN","UNKNOWN","","","",""
"10-05","10","店铺治理与合规","知识产权 / 品牌风险检查","Temu","YES","UNCERTAIN","PARTIALLY_REVIEWED","MEDIUM","UNKNOWN","UNKNOWN","UNKNOWN","","","",""
"10-05","10","店铺治理与合规","知识产权 / 品牌风险检查","TikTok Shop","YES","UNCERTAIN","NOT_REVIEWED","LOW","UNKNOWN","UNKNOWN","UNKNOWN","","","",""
"10-06","10","店铺治理与合规","店铺绩效 / 服务指标监控","Amazon","YES","UNCERTAIN","PARTIALLY_REVIEWED","MEDIUM","UNKNOWN","UNKNOWN","UNKNOWN","","","",""
"10-06","10","店铺治理与合规","店铺绩效 / 服务指标监控","Temu","YES","UNCERTAIN","PARTIALLY_REVIEWED","MEDIUM","UNKNOWN","UNKNOWN","UNKNOWN","","","",""
"10-06","10","店铺治理与合规","店铺绩效 / 服务指标监控","TikTok Shop","YES","UNCERTAIN","NOT_REVIEWED","LOW","UNKNOWN","UNKNOWN","UNKNOWN","","","",""
"10-07","10","店铺治理与合规","结算 / 平台费用异常检查","Amazon","YES","UNCERTAIN","PARTIALLY_REVIEWED","MEDIUM","UNKNOWN","UNKNOWN","UNKNOWN","","","",""
"10-07","10","店铺治理与合规","结算 / 平台费用异常检查","Temu","YES","UNCERTAIN","PARTIALLY_REVIEWED","MEDIUM","UNKNOWN","UNKNOWN","UNKNOWN","","","",""
"10-07","10","店铺治理与合规","结算 / 平台费用异常检查","TikTok Shop","YES","UNCERTAIN","NOT_REVIEWED","LOW","UNKNOWN","UNKNOWN","UNKNOWN","","","",""
