candidate_id,candidate_name,source_domain,primary_classification,business_goal,trigger,input,decision_or_work,output_or_completion,observed_independence,independence_evidence,artifact_role,artifact_candidate,classification_confidence,classification_rationale,evidence_refs,open_question
"01-01","新品发现","01 市场与选品","BUSINESS_TASK","Identify new product candidates worth further evaluation.","A market-scanning cycle or product-opportunity search begins.","Available market and product signals.","Search for and identify products that are new within the current candidate frame.","A bounded new-product candidate set is produced.","PARTIAL","reusable candidate-set deliverable","PRODUCES_BUSINESS_ARTIFACT","New Product Candidate Set","MEDIUM","A recognizable reusable candidate-set deliverable supports independent work-unit identity; evidence remains bounded and no structural disposition is implied.","SOURCE_IDENTITY:../round_1/01_ROUND_1_REVIEWED_TASK_INVENTORY.csv#candidate_id=01-01","Is new-product discovery initiated and completed independently or only as a step inside product opportunity evaluation?"
"01-02","类目趋势分析","01 市场与选品","ANALYSIS_DIMENSION","Examine category trend as an input to broader business judgment.","A broader analysis or decision requires the category trend dimension.","Category observations across the review period.","Inspect and interpret category trend.","A category-trend finding for a broader opportunity decision.","NO","The Candidate wording identifies what is examined rather than an independently evidenced work unit.","UNKNOWN","","MEDIUM","Under the calibrated guidance this is primarily an analysis dimension; independent trigger owner and completion evidence are absent.","SOURCE_IDENTITY:../round_1/01_ROUND_1_REVIEWED_TASK_INVENTORY.csv#candidate_id=01-02","Which broader Business Task consumes this analytical dimension? What evidence shows that the output persists is handed off or is independently reused as a stable Business Artifact?"
"01-03","爆品 / 高增长商品发现","01 市场与选品","BUSINESS_TASK","Identify products showing breakout or high-growth signals for further evaluation.","A growth-opportunity scan begins.","Available product growth signals.","Evaluate which products meet the breakout or high-growth candidate condition.","A bounded high-growth product candidate set is produced.","PARTIAL","recognizable shortlist deliverable","PRODUCES_BUSINESS_ARTIFACT","High-growth Product Candidate Set","MEDIUM","A recognizable recognizable shortlist deliverable supports independent work-unit identity; evidence remains bounded and no structural disposition is implied.","SOURCE_IDENTITY:../round_1/01_ROUND_1_REVIEWED_TASK_INVENTORY.csv#candidate_id=01-03","Is this independently initiated work or a specialized filter within new-product discovery and opportunity screening?"
"01-04","竞品发现","01 市场与选品","STEP","Supply competitor candidates for broader market or product research.","A broader competitor or opportunity analysis requires comparison targets.","Market and category search context.","Identify possible competitors.","A competitor candidate set is available for screening.","NO","The Candidate is business-process dependent and its output primarily advances a broader workflow.","PRODUCES_BUSINESS_ARTIFACT","Competitor Candidate Set","MEDIUM","The wording describes an intermediate action whose trigger and completion depend on a broader business process.","SOURCE_IDENTITY:../round_1/01_ROUND_1_REVIEWED_TASK_INVENTORY.csv#candidate_id=01-04","Which parent Business Task owns this step and consumes its output?"
"01-05","竞品筛选","01 市场与选品","STEP","Narrow competitor candidates to a relevant comparison set.","A broader analysis has an unscreened competitor candidate set.","Competitor candidates and selection criteria.","Evaluate and filter competitor candidates.","A competitor shortlist is available to the parent analysis.","NO","The Candidate is business-process dependent and its output primarily advances a broader workflow.","PRODUCES_BUSINESS_ARTIFACT","Competitor Shortlist","MEDIUM","The wording describes an intermediate action whose trigger and completion depend on a broader business process.","SOURCE_IDENTITY:../round_1/01_ROUND_1_REVIEWED_TASK_INVENTORY.csv#candidate_id=01-05","Which parent Business Task owns this step and consumes its output?"
"01-06","竞品持续跟踪","01 市场与选品","BUSINESS_TASK","Maintain awareness of material changes among tracked competitors.","A recurring tracking interval or new competitor signal occurs.","Existing competitor tracking record and new observable signals.","Compare current signals with the prior tracked state.","The competitor tracking record is updated for downstream reuse.","PARTIAL","recurring responsibility and independently reusable tracking record","PRODUCES_AND_CONSUMES","Competitor Tracking Record","MEDIUM","A recognizable recurring responsibility and independently reusable tracking record supports independent work-unit identity; evidence remains bounded and no structural disposition is implied.","SOURCE_IDENTITY:../round_1/01_ROUND_1_REVIEWED_TASK_INVENTORY.csv#candidate_id=01-06","What cadence or change threshold independently triggers this tracking work?"
"01-07","价格带分析","01 市场与选品","ANALYSIS_DIMENSION","Examine price-band structure as an input to broader business judgment.","A broader analysis or decision requires the price-band structure dimension.","Observed product prices in the candidate market.","Inspect and interpret price-band structure.","A price-band finding for a broader opportunity or pricing decision.","NO","The Candidate wording identifies what is examined rather than an independently evidenced work unit.","UNKNOWN","","MEDIUM","Under the calibrated guidance this is primarily an analysis dimension; independent trigger owner and completion evidence are absent.","SOURCE_IDENTITY:../round_1/01_ROUND_1_REVIEWED_TASK_INVENTORY.csv#candidate_id=01-07","Which broader Business Task consumes this analytical dimension? What evidence shows that the output persists is handed off or is independently reused as a stable Business Artifact?"
"01-08","市场竞争度 / 同款密度分析","01 市场与选品","ANALYSIS_DIMENSION","Examine market competition and same-product density as an input to broader business judgment.","A broader analysis or decision requires the market competition and same-product density dimension.","Observed competitor and comparable-product presence.","Inspect and interpret market competition and same-product density.","A competition-density finding for broader opportunity judgment.","NO","The Candidate wording identifies what is examined rather than an independently evidenced work unit.","UNKNOWN","","MEDIUM","Under the calibrated guidance this is primarily an analysis dimension; independent trigger owner and completion evidence are absent.","SOURCE_IDENTITY:../round_1/01_ROUND_1_REVIEWED_TASK_INVENTORY.csv#candidate_id=01-08","Do competition intensity and same-product density remain one analytical dimension or require separate downstream treatment? What evidence shows that the output persists is handed off or is independently reused as a stable Business Artifact?"
"01-09","商品生命周期判断","01 市场与选品","UNCERTAIN","Determine the lifecycle position of a product.","Potentially a review cycle or material product-state change; not evidenced.","Product history and current performance signals; exact inputs are not evidenced.","Assess and assign a lifecycle position.","Potential lifecycle judgment or status.","UNCERTAIN","Current evidence does not establish whether lifecycle judgment is a standalone decision or an analytical dimension within another task.","UNKNOWN","Product Lifecycle Assessment","LOW","The Candidate could represent more than one allowed classification; whether lifecycle judgment is a standalone decision or an analytical dimension within another task is not observably established.","SOURCE_IDENTITY:../round_1/01_ROUND_1_REVIEWED_TASK_INVENTORY.csv#candidate_id=01-09","What operator workflow or SOP evidence establishes whether lifecycle judgment is a standalone decision or an analytical dimension within another task?"
"01-10","产品机会判断 / 立项初筛","01 市场与选品","BUSINESS_TASK","Decide whether a product opportunity should proceed beyond initial screening.","A product candidate reaches an initial initiation screen.","Available market product competition and constraint findings.","Evaluate opportunity evidence and make an initial proceed or stop judgment.","A recognizable product-opportunity screening decision is produced.","PARTIAL","independent go or no-go business decision","PRODUCES_BUSINESS_ARTIFACT","Product Opportunity Screening Decision","MEDIUM","A recognizable independent go or no-go business decision supports independent work-unit identity; evidence remains bounded and no structural disposition is implied.","SOURCE_IDENTITY:../round_1/01_ROUND_1_REVIEWED_TASK_INVENTORY.csv#candidate_id=01-10","What evidence and decision authority define completion of the initiation screen?"
"02-01","Review / 评论区分析","02 商品研究","UNCERTAIN","Use reviews or comments to inform product research.","A product-research question requires review evidence; independent initiation is not evidenced.","Available review or comment content.","Analyze review or comment material.","Potential review findings.","UNCERTAIN","Current evidence does not establish whether review analysis is a standalone work unit a step or a source-specific analysis container.","UNKNOWN","Review Analysis","MEDIUM","The Candidate could represent more than one allowed classification; whether review analysis is a standalone work unit a step or a source-specific analysis container is not observably established.","SOURCE_IDENTITY:../round_1/01_ROUND_1_REVIEWED_TASK_INVENTORY.csv#candidate_id=02-01|01_ROUND_2A_CLASSIFICATION_CALIBRATION_RECORD.md#4","What independent trigger deliverable owner or reuse distinguishes this from a step inside product research?"
"02-02","Consumer Pain 痛点提取","02 商品研究","ANALYSIS_DIMENSION","Examine consumer pain as an input to broader business judgment.","A broader analysis or decision requires the consumer pain dimension.","Available consumer or review evidence.","Inspect and interpret consumer pain.","Consumer Pain Evidence for broader product-improvement work.","NO","The Candidate wording identifies what is examined rather than an independently evidenced work unit.","PRODUCES_BUSINESS_ARTIFACT","Consumer Pain Evidence","HIGH","Under the calibrated guidance this is primarily an analysis dimension; independent trigger owner and completion evidence are absent.","SOURCE_IDENTITY:../round_1/01_ROUND_1_REVIEWED_TASK_INVENTORY.csv#candidate_id=02-02|01_ROUND_2A_CLASSIFICATION_CALIBRATION_RECORD.md#4|../round_1/02_ROUND_1_OPERATOR_EVIDENCE.md#R1-AMAZON-01","Which broader Business Task consumes this analytical dimension?"
"02-03","Selling Point 卖点提取与验证","02 商品研究","UNCERTAIN","Identify and validate possible selling points.","Potentially a product-research or validation need; independent initiation is not established.","Product competitor and consumer evidence.","Extract possible selling points and test their support.","Potential Validated Selling Point.","UNCERTAIN","Current evidence does not establish whether extraction and validation form one independent work unit or dimensions and steps inside another task.","UNKNOWN","Validated Selling Point","MEDIUM","The Candidate could represent more than one allowed classification; whether extraction and validation form one independent work unit or dimensions and steps inside another task is not observably established.","SOURCE_IDENTITY:../round_1/01_ROUND_1_REVIEWED_TASK_INVENTORY.csv#candidate_id=02-03|01_ROUND_2A_CLASSIFICATION_CALIBRATION_RECORD.md#4|../round_1/02_ROUND_1_OPERATOR_EVIDENCE.md#R1-AMAZON-01","Is there an independently initiated selling-point validation workflow with its own acceptance criteria and reusable output?"
"02-04","产品改良机会分析","02 商品研究","BUSINESS_TASK","Decide what product improvements should be proposed from available evidence.","Product research exposes a material product gap or improvement need.","Consumer competitor and product evidence.","Evaluate evidence and formulate product-improvement opportunities.","A Product Improvement Proposal is ready for review or downstream decision.","PARTIAL","Explicit operator evidence recognizes product-improvement-related work but does not directly establish a standalone trigger owner or completion boundary; the proposal decision and deliverable provide strong inferred independence.","PRODUCES_BUSINESS_ARTIFACT","Product Improvement Proposal","MEDIUM","BUSINESS_TASK is retained from calibration because the Candidate has a distinct proposal decision and deliverable and the work is explicitly recognized. V1.1 records independence as PARTIAL / MEDIUM because standalone identity was not directly observed.","SOURCE_IDENTITY:../round_1/01_ROUND_1_REVIEWED_TASK_INVENTORY.csv#candidate_id=02-04|01_ROUND_2A_CLASSIFICATION_CALIBRATION_RECORD.md#4|../round_1/02_ROUND_1_OPERATOR_EVIDENCE.md#R1-AMAZON-01","What acceptance criteria mark an improvement proposal complete across operating contexts?"
"02-05","使用场景分析","02 商品研究","ANALYSIS_DIMENSION","Examine usage scenario as an input to broader business judgment.","A broader analysis or decision requires the usage scenario dimension.","Available consumer product or competitor evidence.","Inspect and interpret usage scenario.","Usage Scenario Evidence for broader differentiation work.","NO","The Candidate wording identifies what is examined rather than an independently evidenced work unit.","UNKNOWN","","HIGH","Under the calibrated guidance this is primarily an analysis dimension; independent trigger owner and completion evidence are absent.","SOURCE_IDENTITY:../round_1/01_ROUND_1_REVIEWED_TASK_INVENTORY.csv#candidate_id=02-05|01_ROUND_2A_CLASSIFICATION_CALIBRATION_RECORD.md#4|../round_1/02_ROUND_1_OPERATOR_EVIDENCE.md#R1-AMAZON-02","Which broader Business Task consumes this analytical dimension? What evidence shows that the output persists is handed off or is independently reused as a stable Business Artifact?"
"02-06","竞品详情页 / Listing 分析","02 商品研究","UNCERTAIN","Use competitor Listing analysis to inform differentiation.","A differentiation question may require competitor Listing evidence; independent initiation is not established.","Competitor Listing content.","Analyze competitor Listing elements and claims.","Potential Competitor Analysis.","UNCERTAIN","Current evidence does not establish whether this is a standalone competitor-analysis task a source-specific step or an analysis dimension.","UNKNOWN","Competitor Analysis","MEDIUM","The Candidate could represent more than one allowed classification; whether this is a standalone competitor-analysis task a source-specific step or an analysis dimension is not observably established.","SOURCE_IDENTITY:../round_1/01_ROUND_1_REVIEWED_TASK_INVENTORY.csv#candidate_id=02-06|01_ROUND_2A_CLASSIFICATION_CALIBRATION_RECORD.md#4|../round_1/02_ROUND_1_OPERATOR_EVIDENCE.md#R1-AMAZON-02","What independent trigger deliverable and downstream reuse would distinguish this from a step inside product differentiation analysis?"
"02-07","产品差异化机会分析","02 商品研究","BUSINESS_TASK","Decide what product differentiation opportunities should be proposed.","Product research exposes a need to establish meaningful differentiation.","Usage competitor selling-point and product evidence.","Evaluate evidence and formulate differentiation opportunities.","A Differentiation Proposal is ready for review or downstream decision.","PARTIAL","Explicit operator evidence recognizes product-differentiation-related work but does not directly establish a standalone trigger owner or completion boundary; the proposal decision and deliverable provide strong inferred independence.","PRODUCES_BUSINESS_ARTIFACT","Differentiation Proposal","MEDIUM","BUSINESS_TASK is retained from calibration because the Candidate has a distinct proposal decision and deliverable and the work is explicitly recognized. V1.1 records independence as PARTIAL / MEDIUM because standalone identity was not directly observed.","SOURCE_IDENTITY:../round_1/01_ROUND_1_REVIEWED_TASK_INVENTORY.csv#candidate_id=02-07|01_ROUND_2A_CLASSIFICATION_CALIBRATION_RECORD.md#4|../round_1/02_ROUND_1_OPERATOR_EVIDENCE.md#R1-AMAZON-02","What acceptance criteria mark a differentiation proposal complete across operating contexts?"
"03-01","创建商品 / 上架准备","03 Listing / 商品管理","UNCERTAIN","Prepare a product for creation and listing.","A product is approved for setup; the exact start boundary is not evidenced.","Product information and platform requirements.","Prepare listing inputs and create the product record.","Potentially a created product record and listing-ready state.","UNCERTAIN","Current evidence does not establish whether product creation and listing preparation are one work unit or multiple lifecycle phases.","UNKNOWN","Product Listing Record","LOW","The Candidate could represent more than one allowed classification; whether product creation and listing preparation are one work unit or multiple lifecycle phases is not observably established.","SOURCE_IDENTITY:../round_1/01_ROUND_1_REVIEWED_TASK_INVENTORY.csv#candidate_id=03-01","Are product creation and listing preparation independently triggered or completed work units within the observed workflow?"
"03-02","类目选择","03 Listing / 商品管理","STEP","Choose the category needed for a broader product-listing workflow.","A product listing requires category placement.","Product context and available category options.","Evaluate category fit and select a category.","A selected category is available to the parent listing workflow.","NO","The Candidate is business-process dependent and its output primarily advances a broader workflow.","NONE","","MEDIUM","The wording describes an intermediate action whose trigger and completion depend on a broader business process.","SOURCE_IDENTITY:../round_1/01_ROUND_1_REVIEWED_TASK_INVENTORY.csv#candidate_id=03-02","Which parent Business Task owns this step and consumes its output?"
"03-03","商品属性维护","03 Listing / 商品管理","BUSINESS_TASK","Keep product attributes accurate when product or listing information changes.","A product attribute changes or an attribute defect is identified.","Current product attributes and the new verified information.","Evaluate the required change and maintain the attribute record.","The product attribute record reaches the intended updated state.","PARTIAL","change-bounded maintenance responsibility and recognizable updated record","PRODUCES_AND_CONSUMES","Product Attribute Record","MEDIUM","A recognizable change-bounded maintenance responsibility and recognizable updated record supports independent work-unit identity; evidence remains bounded and no structural disposition is implied.","SOURCE_IDENTITY:../round_1/01_ROUND_1_REVIEWED_TASK_INVENTORY.csv#candidate_id=03-03","What changes independently trigger attribute maintenance rather than a broader Listing update?"
"03-04","标题优化","03 Listing / 商品管理","STEP","Improve the title within a broader Listing optimization workflow.","A broader Listing optimization identifies the title as an intervention point.","Current title and relevant product or search inputs.","Revise and evaluate the title.","An updated title is available to the parent optimization workflow.","NO","The Candidate is business-process dependent and its output primarily advances a broader workflow.","PRODUCES_BUSINESS_ARTIFACT","Updated Product Title","MEDIUM","The wording describes an intermediate action whose trigger and completion depend on a broader business process.","SOURCE_IDENTITY:../round_1/01_ROUND_1_REVIEWED_TASK_INVENTORY.csv#candidate_id=03-04","Which parent Business Task owns this step and consumes its output?"
"03-05","搜索关键词 / SEO 优化","03 Listing / 商品管理","UNCERTAIN","Implement search discoverability through platform keyword or SEO mechanisms.","A parent Listing or traffic task requires search-field adjustment.","Platform search terminology fields and parent optimization intent.","Adjust keyword or SEO-related platform fields.","The relevant platform fields are updated.","UNCERTAIN","The business intent may be cross-platform search discoverability while the Keyword / SEO wording may denote implementation; current evidence does not establish the semantic-core boundary.","UNKNOWN","","LOW","V1.1 prevents automatic platform-detail classification. This Candidate may be a business-process Step or a platform mechanism and current evidence does not resolve the semantic core.","SOURCE_IDENTITY:../round_1/01_ROUND_1_REVIEWED_TASK_INVENTORY.csv#candidate_id=03-05","Would search-discoverability optimization still exist with a different platform and is this Candidate a parent-independent work unit a Step or a platform mechanism?"
"03-06","主图 / 商品图策划与优化","03 Listing / 商品管理","UNCERTAIN","Improve the product's primary visual presentation.","A creative or Listing need identifies an image change; the independent boundary is not evidenced.","Product context current images and creative requirements.","Plan create select or optimize main and product images.","Potential image plan or updated product images.","UNCERTAIN","Current evidence does not establish whether planning production and optimization are one work unit and whether the work belongs to Listing or Creative Production.","UNKNOWN","Product Image Plan or Asset","LOW","The Candidate could represent more than one allowed classification; whether planning production and optimization are one work unit and whether the work belongs to Listing or Creative Production is not observably established.","SOURCE_IDENTITY:../round_1/01_ROUND_1_REVIEWED_TASK_INVENTORY.csv#candidate_id=03-06","What are the independently recognizable start completion and ownership boundaries across image planning production and optimization?"
"03-07","详情页 / PDP / A+ 优化","03 Listing / 商品管理","UNCERTAIN","Implement product-detail presentation through platform PDP or A+ mechanisms.","A parent Listing optimization requires detail-page changes.","Product content and platform-specific presentation surfaces.","Configure or update PDP A+ or equivalent detail-page elements.","The platform detail-page state is updated.","UNCERTAIN","Product-detail presentation has a cross-platform business intent while PDP / A+ names platform surfaces; current evidence does not establish which meaning is the Candidate's semantic core.","UNKNOWN","","LOW","V1.1 prevents treating platform-named implementation as semantic identity. The Candidate may represent a broader presentation task a Step or platform execution detail.","SOURCE_IDENTITY:../round_1/01_ROUND_1_REVIEWED_TASK_INVENTORY.csv#candidate_id=03-07","Is the semantic core product-detail presentation or operation of PDP / A+ controls and what observable workflow establishes the work-unit boundary?"
"03-08","Variant / SKU 关系管理","03 Listing / 商品管理","BUSINESS_TASK","Represent product variants and SKU relationships in platform listing structures.","A parent product-management workflow requires variant configuration.","Product SKU relationships and platform constraints.","Configure or maintain platform Variant and SKU relationships.","The platform relationship state reflects the intended structure.","PARTIAL","Managing Variant / SKU relationships has a cross-platform product-relationship intent and a recognizable maintained state; no direct AS-IS independence observation is available.","NONE","","MEDIUM","Under V1.1 the semantic core is ongoing management of product relationships rather than a particular platform control. Structural independence is strong but only inferred so it remains PARTIAL / MEDIUM.","SOURCE_IDENTITY:../round_1/01_ROUND_1_REVIEWED_TASK_INVENTORY.csv#candidate_id=03-08","What operator SOP or workflow evidence confirms independent ownership and completion and which platform field operations remain execution details?"
"03-09","商品信息更新 / 同步","03 Listing / 商品管理","UNCERTAIN","Keep product information current across relevant destinations.","Product information changes or a synchronization issue occurs.","Current product information destination states and change inputs.","Update information and synchronize it across destinations.","Potentially updated and synchronized product records.","UNCERTAIN","Current evidence does not establish whether information update and synchronization are one work unit and whether synchronization is automated or a platform detail.","UNKNOWN","Product Information Record","LOW","The Candidate could represent more than one allowed classification; whether information update and synchronization are one work unit and whether synchronization is automated or a platform detail is not observably established.","SOURCE_IDENTITY:../round_1/01_ROUND_1_REVIEWED_TASK_INVENTORY.csv#candidate_id=03-09","Which part is the business work unit and which part is execution mechanism or platform automation?"
"03-10","Listing 质量 / 异常诊断","03 Listing / 商品管理","BUSINESS_TASK","Diagnose Listing quality or anomalies and formulate the needed optimization direction.","A Listing quality concern or anomaly prompts investigation.","Listing state and available performance or quality evidence.","Diagnose the issue and determine an optimization approach.","A recognizable Listing diagnosis and optimization proposal is produced.","PARTIAL","The operator explicitly described producing an optimization plan but did not directly establish the Candidate's standalone trigger owner or exact completion boundary; independent diagnosis work remains strongly inferred.","PRODUCES_BUSINESS_ARTIFACT","Listing Optimization Proposal","MEDIUM","BUSINESS_TASK is retained from calibration and direct evidence of the work. V1.1 records independence as PARTIAL / MEDIUM because exact standalone identity was not directly observed.","SOURCE_IDENTITY:../round_1/01_ROUND_1_REVIEWED_TASK_INVENTORY.csv#candidate_id=03-10|01_ROUND_2A_CLASSIFICATION_CALIBRATION_RECORD.md#7|../round_1/02_ROUND_1_OPERATOR_EVIDENCE.md#R1-TEMU-01","What exact name start boundary and separation from broader performance diagnosis should be resolved later?"
"04-01","初始定价","04 定价与促销","BUSINESS_TASK","Set an initial price that satisfies the current business constraints.","A product requires its first sellable price.","Available cost constraint market and product inputs.","Evaluate pricing inputs and decide the initial price.","An initial price decision is produced.","PARTIAL","recognizable pricing decision and bounded price output","UNKNOWN","","MEDIUM","A recognizable recognizable pricing decision and bounded price output supports independent work-unit identity; evidence remains bounded and no structural disposition is implied.","SOURCE_IDENTITY:../round_1/01_ROUND_1_REVIEWED_TASK_INVENTORY.csv#candidate_id=04-01","Which approval and constraint checks define completion of the initial pricing decision? What evidence shows that the output persists is handed off or is independently reused as a stable Business Artifact?"
"04-02","竞争性调价","04 定价与促销","BUSINESS_TASK","Decide whether and how to change price in response to competitive conditions.","A competitive pricing signal or review cycle prompts repricing.","Current price competitive price signals and constraints.","Evaluate competitive position and decide a price change.","A repricing decision or updated price is produced.","PARTIAL","event-bounded pricing decision and observable updated price","NONE","","MEDIUM","A recognizable event-bounded pricing decision and observable updated price supports independent work-unit identity; evidence remains bounded and no structural disposition is implied.","SOURCE_IDENTITY:../round_1/01_ROUND_1_REVIEWED_TASK_INVENTORY.csv#candidate_id=04-02","What change threshold independently triggers competitive repricing?"
"04-03","利润底线 / 成本约束校验","04 定价与促销","STEP","Ensure a broader pricing or promotion decision respects profit and cost constraints.","A parent pricing or promotion decision requires constraint validation.","Cost profit-floor and proposed price or promotion inputs.","Check the proposal against profit and cost constraints.","A constraint check result is available to the parent decision.","NO","The Candidate is business-process dependent and its output primarily advances a broader workflow.","NONE","","MEDIUM","The wording describes an intermediate action whose trigger and completion depend on a broader business process.","SOURCE_IDENTITY:../round_1/01_ROUND_1_REVIEWED_TASK_INVENTORY.csv#candidate_id=04-03","Which parent Business Task owns this step and consumes its output?"
"04-04","Coupon / Discount 设置","04 定价与促销","STEP","Implement a promotion through platform coupon or discount controls.","A parent promotion decision requires platform setup.","Approved promotion terms and platform controls.","Configure coupon or discount settings.","The platform promotion setting reaches the approved state.","NO","Coupon / discount setting depends on an approved pricing or promotion process; the business intent survives platform change but the setting action remains process-dependent.","NONE","","MEDIUM","V1.1 separates the cross-platform promotion intent from platform implementation. The setting action is an intermediate Step rather than a platform-semantic identity or independent Task.","SOURCE_IDENTITY:../round_1/01_ROUND_1_REVIEWED_TASK_INVENTORY.csv#candidate_id=04-04","Which pricing or promotion Business Task owns this setting Step and which controls vary by platform?"
"04-05","Deal / 平台活动报名","04 定价与促销","UNCERTAIN","Execute participation in a platform Deal or campaign mechanism.","An approved promotion decision targets a platform activity.","Product campaign requirements and approved participation decision.","Complete the platform activity enrollment operation.","The enrollment reaches a submitted or registered state.","UNCERTAIN","The promotional-enrollment intent remains meaningful across platforms, but current evidence does not establish whether enrollment is independently owned or process-dependent.","NONE","","LOW","The V1.1 Semantic Core Rule prevents treating Deal or promotional-event enrollment as platform-specific semantic identity solely because implementation differs. Current evidence does not resolve BUSINESS_TASK versus STEP.","SOURCE_IDENTITY:../round_1/01_ROUND_1_REVIEWED_TASK_INVENTORY.csv#candidate_id=04-05","Is promotional-event enrollment an independent Business Task with its own trigger, owner, and completion, or a Step inside broader promotion planning and execution?"
"04-06","促销商品选择","04 定价与促销","STEP","Select products for a broader promotion plan.","A promotion-planning workflow requires an eligible product set.","Product performance inventory margin and campaign constraints.","Evaluate candidates and select promotion products.","A promotion-product shortlist is available to the parent plan.","NO","The Candidate is business-process dependent and its output primarily advances a broader workflow.","PRODUCES_BUSINESS_ARTIFACT","Promotion Product Shortlist","MEDIUM","The wording describes an intermediate action whose trigger and completion depend on a broader business process.","SOURCE_IDENTITY:../round_1/01_ROUND_1_REVIEWED_TASK_INVENTORY.csv#candidate_id=04-06","Which parent Business Task owns this step and consumes its output?"
"04-07","促销效果复盘","04 定价与促销","ANALYSIS_DIMENSION","Examine promotion effectiveness as an input to broader business judgment.","A broader analysis or decision requires the promotion effectiveness dimension.","Promotion results and relevant comparison inputs.","Inspect and interpret promotion effectiveness.","A promotion-effectiveness finding for broader performance review.","NO","The Candidate wording identifies what is examined rather than an independently evidenced work unit.","UNKNOWN","","MEDIUM","Under the calibrated guidance this is primarily an analysis dimension; independent trigger owner and completion evidence are absent.","SOURCE_IDENTITY:../round_1/01_ROUND_1_REVIEWED_TASK_INVENTORY.csv#candidate_id=04-07","Which broader Business Task consumes this analytical dimension? What evidence shows that the output persists is handed off or is independently reused as a stable Business Artifact?"
"05-01","库存状态监控","05 库存与供应链","BUSINESS_TASK","Maintain visibility into material inventory-state changes.","A recurring monitoring interval or inventory-state update occurs.","Current and prior inventory state.","Inspect inventory changes and identify states requiring attention.","An updated inventory-status view or alert is produced.","PARTIAL","recurring monitoring responsibility with recognizable status output","UNKNOWN","","MEDIUM","A recognizable recurring monitoring responsibility with recognizable status output supports independent work-unit identity; evidence remains bounded and no structural disposition is implied.","SOURCE_IDENTITY:../round_1/01_ROUND_1_REVIEWED_TASK_INVENTORY.csv#candidate_id=05-01","What cadence or threshold defines independent completion of inventory monitoring? What evidence shows that the output persists is handed off or is independently reused as a stable Business Artifact?"
"05-02","低库存 / 断货风险预警","05 库存与供应链","UNCERTAIN","Surface low-stock or stockout risk for action.","A stock-risk threshold may be crossed; the actual triggering mechanism is not evidenced.","Inventory demand and replenishment signals.","Evaluate risk and issue a warning.","Potential Low-stock or Stockout Alert.","UNCERTAIN","Current evidence does not establish whether this Candidate is independent risk work an alert artifact or an automated mechanism inside inventory monitoring.","UNKNOWN","Low-stock or Stockout Alert","LOW","The Candidate could represent more than one allowed classification; whether this Candidate is independent risk work an alert artifact or an automated mechanism inside inventory monitoring is not observably established.","SOURCE_IDENTITY:../round_1/01_ROUND_1_REVIEWED_TASK_INVENTORY.csv#candidate_id=05-02","Who or what performs the risk evaluation and is the alert an output of another monitoring task?"
"05-03","补货需求判断","05 库存与供应链","STEP","Determine whether replenishment is needed within a broader replenishment workflow.","A replenishment planning cycle reviews inventory needs.","Inventory demand lead-time and constraint inputs.","Evaluate whether replenishment is required.","A replenishment-need decision is available to planning.","NO","The Candidate is business-process dependent and its output primarily advances a broader workflow.","UNKNOWN","","MEDIUM","The wording describes an intermediate action whose trigger and completion depend on a broader business process.","SOURCE_IDENTITY:../round_1/01_ROUND_1_REVIEWED_TASK_INVENTORY.csv#candidate_id=05-03","Which parent Business Task owns this step and consumes its output? What evidence shows that the output persists is handed off or is independently reused as a stable Business Artifact?"
"05-04","补货数量 / 节奏规划","05 库存与供应链","BUSINESS_TASK","Produce a replenishment quantity and cadence plan.","A replenishment need has been identified.","Inventory demand lead-time and supply constraints.","Decide replenishment quantity and timing.","A replenishment plan is ready for execution or approval.","PARTIAL","recognizable plan deliverable with a bounded planning decision","PRODUCES_BUSINESS_ARTIFACT","Replenishment Plan","MEDIUM","A recognizable recognizable plan deliverable with a bounded planning decision supports independent work-unit identity; evidence remains bounded and no structural disposition is implied.","SOURCE_IDENTITY:../round_1/01_ROUND_1_REVIEWED_TASK_INVENTORY.csv#candidate_id=05-04","What approval or handoff marks the replenishment plan complete?"
"05-05","滞销 / 积压库存识别","05 库存与供应链","ANALYSIS_DIMENSION","Examine slow-moving and excess-inventory status as an input to broader business judgment.","A broader analysis or decision requires the slow-moving and excess-inventory status dimension.","Inventory age velocity and stock-level signals.","Inspect and interpret slow-moving and excess-inventory status.","A slow-moving or excess-inventory finding for broader inventory decisions.","NO","The Candidate wording identifies what is examined rather than an independently evidenced work unit.","UNKNOWN","","MEDIUM","Under the calibrated guidance this is primarily an analysis dimension; independent trigger owner and completion evidence are absent.","SOURCE_IDENTITY:../round_1/01_ROUND_1_REVIEWED_TASK_INVENTORY.csv#candidate_id=05-05","Does identification remain an analytical dimension or have an independently triggered exception workflow in observed operations? What evidence shows that the output persists is handed off or is independently reused as a stable Business Artifact?"
"05-06","仓储 / 履约方式选择","05 库存与供应链","BUSINESS_TASK","Select the warehouse or fulfillment mode appropriate to the business context.","A product or fulfillment setup requires a mode decision.","Product service cost capacity and available-mode constraints.","Evaluate alternatives and select a warehouse or fulfillment mode.","A fulfillment-mode decision is produced.","PARTIAL","independent mode-selection decision with a reusable downstream output","PRODUCES_BUSINESS_ARTIFACT","Fulfillment Mode Decision","MEDIUM","A recognizable independent mode-selection decision with a reusable downstream output supports independent work-unit identity; evidence remains bounded and no structural disposition is implied.","SOURCE_IDENTITY:../round_1/01_ROUND_1_REVIEWED_TASK_INVENTORY.csv#candidate_id=05-06","What business event triggers reconsideration of an existing mode?"
"05-07","入仓 / 发货计划","05 库存与供应链","BUSINESS_TASK","Produce an inbound and shipping plan for inventory movement.","Inventory is approved or required for inbound movement.","Inventory quantities destinations timing and fulfillment constraints.","Plan inbound and shipping timing and quantities.","An inbound and shipping plan is ready for execution.","PARTIAL","recognizable logistics plan deliverable","PRODUCES_BUSINESS_ARTIFACT","Inbound and Shipping Plan","MEDIUM","A recognizable recognizable logistics plan deliverable supports independent work-unit identity; evidence remains bounded and no structural disposition is implied.","SOURCE_IDENTITY:../round_1/01_ROUND_1_REVIEWED_TASK_INVENTORY.csv#candidate_id=05-07","Does the Candidate contain one plan or separate inbound and outbound planning work units?"
"05-08","库存调拨 / 多渠道库存同步","05 库存与供应链","UNCERTAIN","Move inventory and keep multi-channel inventory states aligned.","A transfer need or cross-channel state change occurs.","Inventory positions transfer requirements and channel states.","Plan or execute transfer and synchronize inventory states.","Potential transfer record and synchronized inventory state.","UNCERTAIN","Current evidence does not establish whether transfer and multi-channel synchronization are separate work units and which synchronization is automated.","UNKNOWN","Inventory Transfer or Synchronization Record","LOW","The Candidate could represent more than one allowed classification; whether transfer and multi-channel synchronization are separate work units and which synchronization is automated is not observably established.","SOURCE_IDENTITY:../round_1/01_ROUND_1_REVIEWED_TASK_INVENTORY.csv#candidate_id=05-08","What independent triggers outputs and owners distinguish inventory transfer from multi-channel synchronization?"
"05-09","物流 / 履约异常监控","05 库存与供应链","UNCERTAIN","Detect logistics or fulfillment anomalies that require attention.","A logistics-state change or monitoring threshold may occur.","Logistics and fulfillment status signals.","Monitor status and identify anomalies.","Potential logistics or fulfillment anomaly alert.","UNCERTAIN","Current evidence does not establish whether this is independent monitoring work an automated detection mechanism or a step before exception handling.","UNKNOWN","Logistics or Fulfillment Alert","LOW","The Candidate could represent more than one allowed classification; whether this is independent monitoring work an automated detection mechanism or a step before exception handling is not observably established.","SOURCE_IDENTITY:../round_1/01_ROUND_1_REVIEWED_TASK_INVENTORY.csv#candidate_id=05-09","Is anomaly monitoring independently owned and completed or produced automatically within another fulfillment workflow?"
"06-01","流量来源分析","06 流量与广告","ANALYSIS_DIMENSION","Examine traffic source as an input to broader business judgment.","A broader analysis or decision requires the traffic source dimension.","Available traffic-source observations.","Inspect and interpret traffic source.","A traffic-source finding for a broader traffic or advertising decision.","NO","The Candidate wording identifies what is examined rather than an independently evidenced work unit.","UNKNOWN","","HIGH","Under the calibrated guidance this is primarily an analysis dimension; independent trigger owner and completion evidence are absent.","SOURCE_IDENTITY:../round_1/01_ROUND_1_REVIEWED_TASK_INVENTORY.csv#candidate_id=06-01|01_ROUND_2A_CLASSIFICATION_CALIBRATION_RECORD.md#5","Which broader Business Task consumes this analytical dimension? What evidence shows that the output persists is handed off or is independently reused as a stable Business Artifact?"
"06-02","广告商品 / 投放机会选择","06 流量与广告","STEP","Select products or opportunities for a broader advertising workflow.","A campaign-planning process requires advertising candidates.","Product opportunity performance and campaign constraints.","Evaluate and select advertising products or opportunities.","An advertising candidate set is available to campaign planning.","NO","The Candidate is business-process dependent and its output primarily advances a broader workflow.","PRODUCES_BUSINESS_ARTIFACT","Advertising Candidate Set","HIGH","The wording describes an intermediate action whose trigger and completion depend on a broader business process.","SOURCE_IDENTITY:../round_1/01_ROUND_1_REVIEWED_TASK_INVENTORY.csv#candidate_id=06-02|01_ROUND_2A_CLASSIFICATION_CALIBRATION_RECORD.md#5|../round_1/02_ROUND_1_OPERATOR_EVIDENCE.md#R1-TIKTOK-01","Which parent campaign-planning Business Task owns this selection step and why did the TikTok operator delete it?"
"06-03","广告创建 / Campaign 结构规划","06 流量与广告","BUSINESS_TASK","Create an advertising campaign structure suitable for execution.","An approved advertising objective requires campaign setup.","Advertising objective products audiences constraints and platform context.","Design the campaign structure and create its execution frame.","A recognizable Campaign Structure Plan or created campaign is produced.","PARTIAL","independent campaign-structure deliverable","PRODUCES_BUSINESS_ARTIFACT","Campaign Structure Plan","MEDIUM","BUSINESS_TASK is retained because campaign-structure planning has a recognizable decision and deliverable. Under V1.1 the independence signal is structural rather than directly observed, so classification confidence is MEDIUM.","SOURCE_IDENTITY:../round_1/01_ROUND_1_REVIEWED_TASK_INVENTORY.csv#candidate_id=06-03|01_ROUND_2A_CLASSIFICATION_CALIBRATION_RECORD.md#5","What separates business campaign-structure planning from platform-specific configuration steps?"
"06-04","Keyword / Search Term 优化","06 流量与广告","PLATFORM_EXECUTION_DETAIL","Implement keyword or search-term optimization through platform advertising mechanisms.","A parent advertising optimization task requires search-mechanism changes.","Search terms keywords performance signals and platform controls.","Adjust platform keyword or search-term configuration.","The relevant platform configuration is updated.","NO","The Candidate depends on a platform mechanism or platform-specific configuration surface.","NONE","","HIGH","The calibrated rule treats platform-mechanism-dependent operations as execution details rather than independent Business Tasks.","SOURCE_IDENTITY:../round_1/01_ROUND_1_REVIEWED_TASK_INVENTORY.csv#candidate_id=06-04|01_ROUND_2A_CLASSIFICATION_CALIBRATION_RECORD.md#5","Which parent Business Task owns this platform execution detail and what platform variants must it retain?"
"06-05","广告预算分配","06 流量与广告","STEP","Allocate budget within a broader advertising plan.","A campaign plan has a budget that must be distributed.","Available budget campaign objectives and performance constraints.","Decide allocation across campaign elements.","A budget allocation is available to the parent campaign plan.","NO","The Candidate is business-process dependent and its output primarily advances a broader workflow.","UNKNOWN","","HIGH","The wording describes an intermediate action whose trigger and completion depend on a broader business process.","SOURCE_IDENTITY:../round_1/01_ROUND_1_REVIEWED_TASK_INVENTORY.csv#candidate_id=06-05|01_ROUND_2A_CLASSIFICATION_CALIBRATION_RECORD.md#5","Which parent Business Task owns this step and consumes its output? What evidence shows that the output persists is handed off or is independently reused as a stable Business Artifact?"
"06-06","Bid / 竞价调整","06 流量与广告","PLATFORM_EXECUTION_DETAIL","Implement bid changes through platform auction controls.","A parent advertising optimization task requires a bid intervention.","Approved bid direction performance signals and platform controls.","Adjust the platform bid setting.","The platform bid reaches the intended setting.","NO","The Candidate depends on a platform mechanism or platform-specific configuration surface.","NONE","","HIGH","The calibrated rule treats platform-mechanism-dependent operations as execution details rather than independent Business Tasks.","SOURCE_IDENTITY:../round_1/01_ROUND_1_REVIEWED_TASK_INVENTORY.csv#candidate_id=06-06|01_ROUND_2A_CLASSIFICATION_CALIBRATION_RECORD.md#5|../round_1/02_ROUND_1_OPERATOR_EVIDENCE.md#R1-TIKTOK-01","Which parent advertising task owns bid changes and why did the TikTok operator delete this Candidate?"
"06-07","低效 / 无效流量处理","06 流量与广告","UNCERTAIN","Reduce low-value or invalid traffic.","A traffic-quality problem is detected; the exact independent trigger is not evidenced.","Traffic-quality evidence and available intervention options.","Diagnose or act on low-value traffic.","Potential traffic-treatment decision or platform action.","UNCERTAIN","Current evidence does not establish whether the Candidate denotes diagnosis a business decision a step or a platform-specific intervention.","UNKNOWN","Traffic Treatment Decision","MEDIUM","The Candidate could represent more than one allowed classification; whether the Candidate denotes diagnosis a business decision a step or a platform-specific intervention is not observably established.","SOURCE_IDENTITY:../round_1/01_ROUND_1_REVIEWED_TASK_INVENTORY.csv#candidate_id=06-07|01_ROUND_2A_CLASSIFICATION_CALIBRATION_RECORD.md#5","What independent decision and completion state distinguish this from advertising diagnosis and platform execution?"
"06-08","广告表现诊断与优化","06 流量与广告","BUSINESS_TASK","Diagnose advertising performance and decide an optimization direction.","Advertising performance deviates from an objective or reaches a review point.","Campaign performance evidence objectives and constraints.","Diagnose performance and formulate optimization actions.","An Advertising Optimization Plan is produced.","PARTIAL","recognizable diagnosis and optimization-plan deliverable","PRODUCES_BUSINESS_ARTIFACT","Advertising Optimization Plan","MEDIUM","BUSINESS_TASK is retained because advertising diagnosis and optimization has a recognizable decision and deliverable. Under V1.1 the independence signal is structural rather than directly observed, so classification confidence is MEDIUM.","SOURCE_IDENTITY:../round_1/01_ROUND_1_REVIEWED_TASK_INVENTORY.csv#candidate_id=06-08|01_ROUND_2A_CLASSIFICATION_CALIBRATION_RECORD.md#5","Which downstream platform actions consume the optimization plan without becoming separate Business Tasks?"
"06-09","ROI / ROAS 复盘","06 流量与广告","ANALYSIS_DIMENSION","Examine ROI and ROAS outcome as an input to broader business judgment.","A broader analysis or decision requires the ROI and ROAS outcome dimension.","Campaign cost and return observations.","Inspect and interpret ROI and ROAS outcome.","An ROI or ROAS finding for broader advertising review.","NO","The Candidate wording identifies what is examined rather than an independently evidenced work unit.","UNKNOWN","","HIGH","Under the calibrated guidance this is primarily an analysis dimension; independent trigger owner and completion evidence are absent.","SOURCE_IDENTITY:../round_1/01_ROUND_1_REVIEWED_TASK_INVENTORY.csv#candidate_id=06-09|01_ROUND_2A_CLASSIFICATION_CALIBRATION_RECORD.md#5","Which broader Business Task consumes this analytical dimension? What evidence shows that the output persists is handed off or is independently reused as a stable Business Artifact?"
"07-01","视频选题","07 内容与达人","UNCERTAIN","Choose video topics that serve a content objective.","A content need exists; independent initiation is not evidenced.","Business context product context and content signals.","Generate and select video topics.","Potential Video Topic Plan.","UNCERTAIN","Current evidence does not establish whether topic selection is a standalone planning task or a step within creative planning.","UNKNOWN","Video Topic Plan","MEDIUM","The Candidate could represent more than one allowed classification; whether topic selection is a standalone planning task or a step within creative planning is not observably established.","SOURCE_IDENTITY:../round_1/01_ROUND_1_REVIEWED_TASK_INVENTORY.csv#candidate_id=07-01|01_ROUND_2A_CLASSIFICATION_CALIBRATION_RECORD.md#6","What operator workflow or SOP evidence establishes whether topic selection is a standalone planning task or a step within creative planning?"
"07-02","Hook / 视频脚本策划","07 内容与达人","UNCERTAIN","Develop hooks and scripts for video content.","A content concept requires development; the exact work-unit boundary is not evidenced.","Product context audience context and creative direction.","Plan hooks and develop a video script.","Potential Hook Set or Video Script.","UNCERTAIN","Current evidence does not establish whether hook planning and script planning are one independent task or multiple workflow steps.","UNKNOWN","Video Script","MEDIUM","The Candidate could represent more than one allowed classification; whether hook planning and script planning are one independent task or multiple workflow steps is not observably established.","SOURCE_IDENTITY:../round_1/01_ROUND_1_REVIEWED_TASK_INVENTORY.csv#candidate_id=07-02|01_ROUND_2A_CLASSIFICATION_CALIBRATION_RECORD.md#6","What trigger deliverable owner and acceptance criteria distinguish hook planning from script development?"
"07-03","Storyboard / 拍摄方案设计","07 内容与达人","UNCERTAIN","Design a storyboard and shooting approach.","A script or creative concept may require production planning.","Script creative direction product context and production constraints.","Create storyboard and shooting-plan elements.","Potential Storyboard or Shooting Plan.","UNCERTAIN","Current evidence does not establish whether storyboard and shooting-plan design form one standalone work unit or separate dependent steps.","UNKNOWN","Storyboard or Shooting Plan","MEDIUM","The Candidate could represent more than one allowed classification; whether storyboard and shooting-plan design form one standalone work unit or separate dependent steps is not observably established.","SOURCE_IDENTITY:../round_1/01_ROUND_1_REVIEWED_TASK_INVENTORY.csv#candidate_id=07-03|01_ROUND_2A_CLASSIFICATION_CALIBRATION_RECORD.md#6","What operator workflow or SOP evidence establishes whether storyboard and shooting-plan design form one standalone work unit or separate dependent steps?"
"07-04","商品素材生产","07 内容与达人","BUSINESS_TASK","Produce product creative assets for downstream commerce use.","A product content or Listing need requests an asset.","Product context creative requirements and available production resources.","Create the required product visual asset.","A reviewable Product Creative Asset is delivered.","YES","explicit Temu AS-IS evidence and Amazon external-production evidence plus an independently recognizable asset deliverable","PRODUCES_BUSINESS_ARTIFACT","Product Creative Asset","HIGH","A recognizable explicit temu as-is evidence and amazon external-production evidence plus an independently recognizable asset deliverable supports independent work-unit identity; evidence remains bounded and no structural disposition is implied.","SOURCE_IDENTITY:../round_1/01_ROUND_1_REVIEWED_TASK_INVENTORY.csv#candidate_id=07-04|01_ROUND_2A_CLASSIFICATION_CALIBRATION_RECORD.md#6|../round_1/02_ROUND_1_OPERATOR_EVIDENCE.md#R1-AMAZON-04|../round_1/02_ROUND_1_OPERATOR_EVIDENCE.md#R1-TEMU-03","What asset acceptance criteria and ownership boundaries apply across internal external and AI-enabled execution?"
"07-05","素材筛选 / 剪辑","07 内容与达人","UNCERTAIN","Prepare usable edited creative material.","Raw or candidate material exists; independent initiation is not evidenced.","Available creative materials and content requirements.","Select material and edit it.","Potential selected or edited creative asset.","UNCERTAIN","Current evidence does not establish whether material selection and editing are separate steps or an independently owned production task.","UNKNOWN","Edited Creative Asset","MEDIUM","The Candidate could represent more than one allowed classification; whether material selection and editing are separate steps or an independently owned production task is not observably established.","SOURCE_IDENTITY:../round_1/01_ROUND_1_REVIEWED_TASK_INVENTORY.csv#candidate_id=07-05|01_ROUND_2A_CLASSIFICATION_CALIBRATION_RECORD.md#6","What operator workflow or SOP evidence establishes whether material selection and editing are separate steps or an independently owned production task?"
"07-06","内容发布计划","07 内容与达人","UNCERTAIN","Plan content publication.","Content may be ready for publication; an independent trigger and owner are not evidenced.","Available content campaign context and timing constraints.","Decide publication timing sequence or channel.","Potential Content Publication Plan.","UNCERTAIN","Current evidence does not establish whether this is an independent planning deliverable or a step inside campaign or content operations.","UNKNOWN","Content Publication Plan","MEDIUM","The Candidate could represent more than one allowed classification; whether this is an independent planning deliverable or a step inside campaign or content operations is not observably established.","SOURCE_IDENTITY:../round_1/01_ROUND_1_REVIEWED_TASK_INVENTORY.csv#candidate_id=07-06|01_ROUND_2A_CLASSIFICATION_CALIBRATION_RECORD.md#6","What operator workflow or SOP evidence establishes whether this is an independent planning deliverable or a step inside campaign or content operations?"
"07-07","内容表现分析","07 内容与达人","UNCERTAIN","Evaluate content performance.","A content review point may occur; the independent task boundary is not evidenced.","Content performance observations and objectives.","Analyze content results.","Potential Content Performance Finding.","UNCERTAIN","Current evidence does not establish whether content analysis is a dimension a standalone diagnosis task or part of a broader performance review.","UNKNOWN","Content Performance Finding","MEDIUM","The Candidate could represent more than one allowed classification; whether content analysis is a dimension a standalone diagnosis task or part of a broader performance review is not observably established.","SOURCE_IDENTITY:../round_1/01_ROUND_1_REVIEWED_TASK_INVENTORY.csv#candidate_id=07-07|01_ROUND_2A_CLASSIFICATION_CALIBRATION_RECORD.md#6","What operator workflow or SOP evidence establishes whether content analysis is a dimension a standalone diagnosis task or part of a broader performance review?"
"07-08","爆款内容结构拆解","07 内容与达人","UNCERTAIN","Understand structures associated with high-performing content.","A creative research need may arise; independent initiation is not evidenced.","High-performing content samples and structural observations.","Decompose and interpret content structure.","Potential High-performing Content Structure Analysis.","UNCERTAIN","Current evidence does not establish whether structural decomposition is an analysis dimension a research step or a standalone task.","UNKNOWN","Content Structure Analysis","MEDIUM","The Candidate could represent more than one allowed classification; whether structural decomposition is an analysis dimension a research step or a standalone task is not observably established.","SOURCE_IDENTITY:../round_1/01_ROUND_1_REVIEWED_TASK_INVENTORY.csv#candidate_id=07-08|01_ROUND_2A_CLASSIFICATION_CALIBRATION_RECORD.md#6","What operator workflow or SOP evidence establishes whether structural decomposition is an analysis dimension a research step or a standalone task?"
"07-09","达人发现","07 内容与达人","STEP","Supply creator candidates to a broader creator-collaboration workflow.","A creator-operation workflow requires potential creators.","Available creator signals and collaboration context.","Identify possible creators.","A creator candidate pool is available for screening.","NO","The Candidate is business-process dependent and its output primarily advances a broader workflow.","PRODUCES_BUSINESS_ARTIFACT","Creator Candidate Pool","HIGH","The wording describes an intermediate action whose trigger and completion depend on a broader business process.","SOURCE_IDENTITY:../round_1/01_ROUND_1_REVIEWED_TASK_INVENTORY.csv#candidate_id=07-09|01_ROUND_2A_CLASSIFICATION_CALIBRATION_RECORD.md#6|../round_1/02_ROUND_1_OPERATOR_EVIDENCE.md#R1-AMAZON-03|../round_1/02_ROUND_1_OPERATOR_EVIDENCE.md#R1-TEMU-02","Which parent Creator Operations task owns discovery and how does that vary by company operating model?"
"07-10","达人筛选","07 内容与达人","STEP","Narrow creator candidates to a collaboration shortlist.","A creator-operation workflow has an unscreened candidate pool.","Creator candidates and collaboration criteria.","Evaluate and filter creator candidates.","A creator shortlist is available to the parent workflow.","NO","The Candidate is business-process dependent and its output primarily advances a broader workflow.","PRODUCES_BUSINESS_ARTIFACT","Creator Shortlist","HIGH","The wording describes an intermediate action whose trigger and completion depend on a broader business process.","SOURCE_IDENTITY:../round_1/01_ROUND_1_REVIEWED_TASK_INVENTORY.csv#candidate_id=07-10|01_ROUND_2A_CLASSIFICATION_CALIBRATION_RECORD.md#6|../round_1/02_ROUND_1_OPERATOR_EVIDENCE.md#R1-AMAZON-03|../round_1/02_ROUND_1_OPERATOR_EVIDENCE.md#R1-TEMU-02","Which parent Business Task owns this step and consumes its output?"
"07-11","达人邀约 / 合作管理","07 内容与达人","UNCERTAIN","Initiate and manage creator collaboration.","A creator has been selected; the lifecycle boundary is not evidenced.","Creator shortlist collaboration terms and campaign context.","Invite creators and manage collaboration activity.","Potential collaboration agreement or managed collaboration state.","UNCERTAIN","Current evidence does not establish whether invitation and ongoing collaboration management are one task or multiple lifecycle work units.","UNKNOWN","Creator Collaboration Record","MEDIUM","The Candidate could represent more than one allowed classification; whether invitation and ongoing collaboration management are one task or multiple lifecycle work units is not observably established.","SOURCE_IDENTITY:../round_1/01_ROUND_1_REVIEWED_TASK_INVENTORY.csv#candidate_id=07-11|01_ROUND_2A_CLASSIFICATION_CALIBRATION_RECORD.md#6|../round_1/02_ROUND_1_OPERATOR_EVIDENCE.md#R1-AMAZON-03|../round_1/02_ROUND_1_OPERATOR_EVIDENCE.md#R1-TEMU-02","What independently recognizable triggers completions and owners separate invitation from ongoing collaboration management?"
"07-12","寄样 / Commission 管理","07 内容与达人","UNCERTAIN","Coordinate samples and commission arrangements for creator collaboration.","A collaboration may require fulfillment or compensation setup; the work-unit boundary is not evidenced.","Creator collaboration context sample requirements and commission terms.","Coordinate sample sending and commission settings or decisions.","Potential sample record or commission arrangement.","UNCERTAIN","Current evidence does not establish whether sample handling and commission management are distinct tasks steps or platform details.","UNKNOWN","Sample or Commission Record","MEDIUM","The Candidate could represent more than one allowed classification; whether sample handling and commission management are distinct tasks steps or platform details is not observably established.","SOURCE_IDENTITY:../round_1/01_ROUND_1_REVIEWED_TASK_INVENTORY.csv#candidate_id=07-12|01_ROUND_2A_CLASSIFICATION_CALIBRATION_RECORD.md#6|../round_1/02_ROUND_1_OPERATOR_EVIDENCE.md#R1-AMAZON-03|../round_1/02_ROUND_1_OPERATOR_EVIDENCE.md#R1-TEMU-02","What separate triggers outputs and owners exist for sample handling and commission management?"
"07-13","LIVE 策划与复盘","07 内容与达人","UNCERTAIN","Plan and review LIVE commerce activity.","A LIVE initiative or completed session may trigger work; the Candidate combines different lifecycle phases.","LIVE objectives operating context and performance observations.","Plan a LIVE activity and review its outcome.","Potential LIVE Plan and LIVE Review.","UNCERTAIN","Current evidence does not establish whether planning and retrospective review are separate independently bounded tasks.","UNKNOWN","LIVE Plan or Review","MEDIUM","The Candidate could represent more than one allowed classification; whether planning and retrospective review are separate independently bounded tasks is not observably established.","SOURCE_IDENTITY:../round_1/01_ROUND_1_REVIEWED_TASK_INVENTORY.csv#candidate_id=07-13|01_ROUND_2A_CLASSIFICATION_CALIBRATION_RECORD.md#6|../round_1/02_ROUND_1_OPERATOR_EVIDENCE.md#R1-TIKTOK-01","What are the separate triggers decisions outputs and owners for LIVE planning and LIVE review and why was this Candidate deleted in TikTok review?"
"08-01","订单异常处理","08 订单与售后","BUSINESS_TASK","Resolve an order exception to a recognizable terminal or escalated state.","An order exception occurs.","Order state exception details and applicable constraints.","Investigate the exception and decide or perform the resolution.","The exception is resolved rejected completed or escalated.","PARTIAL","The exception trigger and terminal-state structure strongly imply independence but no direct operator SOP workflow or operational-artifact evidence establishes standalone identity.","NONE","","MEDIUM","BUSINESS_TASK is retained from holdout validation because the event-bounded exception and recognizable terminal state are strong signals. V1.1 requires PARTIAL / MEDIUM without direct AS-IS observation; the state change is not a separate Business Artifact.","SOURCE_IDENTITY:../round_1/01_ROUND_1_REVIEWED_TASK_INVENTORY.csv#candidate_id=08-01|01_ROUND_2A_CLASSIFICATION_CALIBRATION_RECORD.md#8","What additional operator or SOP evidence confirms the trigger owner and completion boundary across operating contexts?"
"08-02","取消订单处理","08 订单与售后","BUSINESS_TASK","Resolve a cancellation request and update the order state.","A cancellation request is received.","Order state request details and applicable constraints.","Evaluate and process the cancellation.","The request is cancelled rejected completed or escalated.","PARTIAL","The cancellation request and order-state transition strongly imply independence but no direct operator SOP workflow or operational-artifact evidence establishes standalone identity.","NONE","","MEDIUM","BUSINESS_TASK is retained from holdout validation because the external request and recognizable terminal state are strong signals. V1.1 requires PARTIAL / MEDIUM without direct AS-IS observation; the state change is not a separate Business Artifact.","SOURCE_IDENTITY:../round_1/01_ROUND_1_REVIEWED_TASK_INVENTORY.csv#candidate_id=08-02|01_ROUND_2A_CLASSIFICATION_CALIBRATION_RECORD.md#8","What additional operator or SOP evidence confirms the trigger owner and completion boundary across operating contexts?"
"08-03","发货异常处理","08 订单与售后","BUSINESS_TASK","Resolve a shipping exception to a recognizable state.","A shipping exception occurs.","Shipment state exception details and available resolution options.","Investigate and process the shipping exception.","The exception is resolved completed or escalated.","PARTIAL","The shipping exception and resolution-state structure strongly imply independence but no direct operator SOP workflow or operational-artifact evidence establishes standalone identity.","NONE","","MEDIUM","BUSINESS_TASK is retained from holdout validation because the event-bounded exception and recognizable terminal state are strong signals. V1.1 requires PARTIAL / MEDIUM without direct AS-IS observation; the state change is not a separate Business Artifact.","SOURCE_IDENTITY:../round_1/01_ROUND_1_REVIEWED_TASK_INVENTORY.csv#candidate_id=08-03|01_ROUND_2A_CLASSIFICATION_CALIBRATION_RECORD.md#8","What additional operator or SOP evidence confirms the trigger owner and completion boundary across operating contexts?"
"08-04","物流咨询 / 物流异常处理","08 订单与售后","UNCERTAIN","Respond to logistics inquiries and resolve logistics exceptions.","A logistics inquiry or exception occurs.","Message shipment state and exception details.","Answer the inquiry or investigate and resolve the exception.","Potential response or resolved exception state.","UNCERTAIN","Current evidence does not establish whether inquiry handling and exception resolution are separate work units with different goals decisions and completion states.","UNKNOWN","Logistics Inquiry or Exception Case","MEDIUM","The Candidate could represent more than one allowed classification; whether inquiry handling and exception resolution are separate work units with different goals decisions and completion states is not observably established.","SOURCE_IDENTITY:../round_1/01_ROUND_1_REVIEWED_TASK_INVENTORY.csv#candidate_id=08-04|01_ROUND_2A_CLASSIFICATION_CALIBRATION_RECORD.md#8","Do logistics inquiry and logistics exception handling have distinct triggers decisions outputs and owners for later boundary analysis?"
"08-05","退货处理","08 订单与售后","BUSINESS_TASK","Resolve a return request to a recognizable state.","A return request is received.","Order item return reason policy and state.","Evaluate and process the return.","The return is accepted rejected completed or escalated.","PARTIAL","The return request and state transition strongly imply independence but no direct operator SOP workflow or operational-artifact evidence establishes standalone identity.","NONE","","MEDIUM","BUSINESS_TASK is retained from holdout validation because the external request and recognizable terminal state are strong signals. V1.1 requires PARTIAL / MEDIUM without direct AS-IS observation; the state change is not a separate Business Artifact.","SOURCE_IDENTITY:../round_1/01_ROUND_1_REVIEWED_TASK_INVENTORY.csv#candidate_id=08-05|01_ROUND_2A_CLASSIFICATION_CALIBRATION_RECORD.md#8","What additional operator or SOP evidence confirms the trigger owner and completion boundary across operating contexts?"
"08-06","退款处理","08 订单与售后","BUSINESS_TASK","Resolve a refund request and update the financial or order state.","A refund request is received.","Order payment reason policy and current state.","Evaluate and process the refund.","The refund is approved rejected refunded completed or escalated.","PARTIAL","The refund request and state transition strongly imply independence but no direct operator SOP workflow or operational-artifact evidence establishes standalone identity.","NONE","","MEDIUM","BUSINESS_TASK is retained from holdout validation because the external request and recognizable terminal state are strong signals. V1.1 requires PARTIAL / MEDIUM without direct AS-IS observation; the state change is not a separate Business Artifact.","SOURCE_IDENTITY:../round_1/01_ROUND_1_REVIEWED_TASK_INVENTORY.csv#candidate_id=08-06|01_ROUND_2A_CLASSIFICATION_CALIBRATION_RECORD.md#8","What additional operator or SOP evidence confirms the trigger owner and completion boundary across operating contexts?"
"08-07","客户咨询 / 消息处理","08 订单与售后","BUSINESS_TASK","Resolve a customer inquiry with a recognizable response or escalation.","A customer inquiry or message is received.","Customer message order or product context and applicable guidance.","Interpret the inquiry and provide or route the response.","The inquiry is answered completed or escalated.","PARTIAL","The customer inquiry and response-state structure strongly imply independence but no direct operator SOP workflow or operational-artifact evidence establishes standalone identity.","NONE","","MEDIUM","BUSINESS_TASK is retained from holdout validation because the external inquiry and recognizable response state are strong signals. V1.1 requires PARTIAL / MEDIUM without direct AS-IS observation; the state change is not a separate Business Artifact.","SOURCE_IDENTITY:../round_1/01_ROUND_1_REVIEWED_TASK_INVENTORY.csv#candidate_id=08-07|01_ROUND_2A_CLASSIFICATION_CALIBRATION_RECORD.md#8","What additional operator or SOP evidence confirms the trigger owner and completion boundary across operating contexts?"
"08-08","差评 / 投诉处理","08 订单与售后","UNCERTAIN","Respond to negative reviews and complaints.","A negative review or complaint occurs.","Review or complaint content customer and order context.","Assess and respond or resolve.","Potential response complaint resolution or escalation.","UNCERTAIN","Current evidence does not establish whether negative-review response and complaint case handling are separate work units with different completion states.","UNKNOWN","Negative Review or Complaint Record","MEDIUM","The Candidate could represent more than one allowed classification; whether negative-review response and complaint case handling are separate work units with different completion states is not observably established.","SOURCE_IDENTITY:../round_1/01_ROUND_1_REVIEWED_TASK_INVENTORY.csv#candidate_id=08-08|01_ROUND_2A_CLASSIFICATION_CALIBRATION_RECORD.md#8","Do negative-review handling and complaint handling have distinct triggers decisions outputs and owners for later boundary analysis?"
"09-01","GMV / 销售额分析","09 经营分析","ANALYSIS_DIMENSION","Examine GMV and sales amount as an input to broader business judgment.","A broader analysis or decision requires the GMV and sales amount dimension.","Observed sales and GMV measures.","Inspect and interpret GMV and sales amount.","A GMV or sales finding for broader operating review.","NO","The Candidate wording identifies what is examined rather than an independently evidenced work unit.","UNKNOWN","","MEDIUM","Under the calibrated guidance this is primarily an analysis dimension; independent trigger owner and completion evidence are absent.","SOURCE_IDENTITY:../round_1/01_ROUND_1_REVIEWED_TASK_INVENTORY.csv#candidate_id=09-01","Which broader Business Task consumes this analytical dimension? What evidence shows that the output persists is handed off or is independently reused as a stable Business Artifact?"
"09-02","销量趋势分析","09 经营分析","ANALYSIS_DIMENSION","Examine sales-volume trend as an input to broader business judgment.","A broader analysis or decision requires the sales-volume trend dimension.","Sales-volume observations across the review period.","Inspect and interpret sales-volume trend.","A sales-trend finding for broader operating review.","NO","The Candidate wording identifies what is examined rather than an independently evidenced work unit.","UNKNOWN","","MEDIUM","Under the calibrated guidance this is primarily an analysis dimension; independent trigger owner and completion evidence are absent.","SOURCE_IDENTITY:../round_1/01_ROUND_1_REVIEWED_TASK_INVENTORY.csv#candidate_id=09-02","Which broader Business Task consumes this analytical dimension? What evidence shows that the output persists is handed off or is independently reused as a stable Business Artifact?"
"09-03","流量分析","09 经营分析","ANALYSIS_DIMENSION","Examine traffic performance as an input to broader business judgment.","A broader analysis or decision requires the traffic performance dimension.","Traffic observations across relevant sources.","Inspect and interpret traffic performance.","A traffic finding for broader operating review.","NO","The Candidate wording identifies what is examined rather than an independently evidenced work unit.","UNKNOWN","","MEDIUM","Under the calibrated guidance this is primarily an analysis dimension; independent trigger owner and completion evidence are absent.","SOURCE_IDENTITY:../round_1/01_ROUND_1_REVIEWED_TASK_INVENTORY.csv#candidate_id=09-03","Which broader Business Task consumes this analytical dimension? What evidence shows that the output persists is handed off or is independently reused as a stable Business Artifact?"
"09-04","转化率分析","09 经营分析","ANALYSIS_DIMENSION","Examine conversion rate as an input to broader business judgment.","A broader analysis or decision requires the conversion rate dimension.","Traffic and conversion observations.","Inspect and interpret conversion rate.","A conversion-rate finding for broader operating review.","NO","The Candidate wording identifies what is examined rather than an independently evidenced work unit.","UNKNOWN","","MEDIUM","Under the calibrated guidance this is primarily an analysis dimension; independent trigger owner and completion evidence are absent.","SOURCE_IDENTITY:../round_1/01_ROUND_1_REVIEWED_TASK_INVENTORY.csv#candidate_id=09-04","Which broader Business Task consumes this analytical dimension? What evidence shows that the output persists is handed off or is independently reused as a stable Business Artifact?"
"09-05","利润 / 贡献毛利分析","09 经营分析","ANALYSIS_DIMENSION","Examine profit and contribution margin as an input to broader business judgment.","A broader analysis or decision requires the profit and contribution margin dimension.","Revenue cost and margin observations.","Inspect and interpret profit and contribution margin.","A profit or contribution-margin finding for broader operating review.","NO","The Candidate wording identifies what is examined rather than an independently evidenced work unit.","UNKNOWN","","MEDIUM","Under the calibrated guidance this is primarily an analysis dimension; independent trigger owner and completion evidence are absent.","SOURCE_IDENTITY:../round_1/01_ROUND_1_REVIEWED_TASK_INVENTORY.csv#candidate_id=09-05","Which broader Business Task consumes this analytical dimension? What evidence shows that the output persists is handed off or is independently reused as a stable Business Artifact?"
"09-06","商品表现分析","09 经营分析","BUSINESS_TASK","Evaluate product performance as a relatively independent operating-analysis work item.","A product-performance review need or operating decision requires focused analysis.","Product performance observations and objectives.","Assess product performance using relevant operating dimensions.","A bounded product-performance analysis outcome is available for review.","YES","Amazon operator explicitly stated that Product Performance Analysis is an actual work item, and that 09-01 through 09-07 largely represent analysis dimensions, steps, or processes used within that work.","UNKNOWN","Product Performance Analysis","MEDIUM","BUSINESS_TASK is now supported by direct Amazon operator evidence of standalone work-unit identity. Confidence remains MEDIUM because the evidence is limited to one experienced operator and does not establish universal cross-platform structure.","SOURCE_IDENTITY:../round_1/01_ROUND_1_REVIEWED_TASK_INVENTORY.csv#candidate_id=09-06|01_ROUND_2A_CLASSIFICATION_CALIBRATION_RECORD.md#7|03_ROUND_2A_HUMAN_REVIEW_EVIDENCE.md#R2A-HR-AMAZON-01","Which of 09-01 through 09-07 are reusable Analysis Dimensions, workflow Steps, or related independent Tasks within Product Performance Analysis, and how does this structure vary by platform?"
"09-07","广告表现分析","09 经营分析","ANALYSIS_DIMENSION","Examine advertising performance as an input to broader business judgment.","A broader analysis or decision requires the advertising performance dimension.","Advertising performance observations and objectives.","Inspect and interpret advertising performance.","An advertising-performance finding for broader operating review.","NO","The Candidate wording identifies what is examined rather than an independently evidenced work unit.","UNKNOWN","","MEDIUM","Under the calibrated guidance this is primarily an analysis dimension; independent trigger owner and completion evidence are absent.","SOURCE_IDENTITY:../round_1/01_ROUND_1_REVIEWED_TASK_INVENTORY.csv#candidate_id=09-07","How does this analytical dimension relate to the independent diagnosis-and-optimization work classified at 06-08? What evidence shows that the output persists is handed off or is independently reused as a stable Business Artifact?"
"09-08","内容 / 达人表现分析","09 经营分析","UNCERTAIN","Evaluate content and creator performance.","A performance review point may occur; the Candidate combines two business concerns.","Content and creator performance observations.","Analyze content and creator results.","Potential Content or Creator Performance Finding.","UNCERTAIN","Current evidence does not establish whether content performance and creator performance are separate dimensions or belong to different parent tasks.","UNKNOWN","Content or Creator Performance Finding","LOW","The Candidate could represent more than one allowed classification; whether content performance and creator performance are separate dimensions or belong to different parent tasks is not observably established.","SOURCE_IDENTITY:../round_1/01_ROUND_1_REVIEWED_TASK_INVENTORY.csv#candidate_id=09-08","What separate inputs decisions outputs and parent tasks exist for content performance versus creator performance?"
"09-09","经营异常诊断","09 经营分析","BUSINESS_TASK","Diagnose an operating anomaly and determine its business meaning.","A material operating deviation or exception is detected.","Relevant operating metrics context and prior state.","Investigate the deviation and determine the anomaly diagnosis.","A recognizable Operating Anomaly Diagnosis is produced.","PARTIAL","calibrated independent diagnostic decision and deliverable","UNKNOWN","","MEDIUM","BUSINESS_TASK is retained because operating-anomaly diagnosis has a recognizable decision and deliverable. Under V1.1 the independence signal is structural rather than directly observed, so classification confidence is MEDIUM.","SOURCE_IDENTITY:../round_1/01_ROUND_1_REVIEWED_TASK_INVENTORY.csv#candidate_id=09-09|01_ROUND_2A_CLASSIFICATION_CALIBRATION_RECORD.md#7","What boundary separates enterprise-level anomaly diagnosis from domain-specific diagnoses such as Listing or advertising? What evidence shows that the output persists is handed off or is independently reused as a stable Business Artifact?"
"10-01","Account / Shop Health 监控","10 店铺治理与合规","BUSINESS_TASK","Maintain visibility into account or shop health requiring governance attention.","A recurring governance review or health-state change occurs.","Current and prior account or shop health signals.","Inspect health state and identify issues requiring action.","An updated Shop Health Record or alert is produced.","PARTIAL","recurring governance responsibility and recognizable health-state output","UNKNOWN","","MEDIUM","A recognizable recurring governance responsibility and recognizable health-state output supports independent work-unit identity; evidence remains bounded and no structural disposition is implied.","SOURCE_IDENTITY:../round_1/01_ROUND_1_REVIEWED_TASK_INVENTORY.csv#candidate_id=10-01","What cadence threshold and owner define independent completion of shop-health monitoring? What evidence shows that the output persists is handed off or is independently reused as a stable Business Artifact?"
"10-02","违规风险识别","10 店铺治理与合规","ANALYSIS_DIMENSION","Examine violation risk as an input to broader business judgment.","A broader analysis or decision requires the violation risk dimension.","Available policy product and shop-risk signals.","Inspect and interpret violation risk.","A violation-risk finding for broader compliance work.","NO","The Candidate wording identifies what is examined rather than an independently evidenced work unit.","UNKNOWN","","MEDIUM","Under the calibrated guidance this is primarily an analysis dimension; independent trigger owner and completion evidence are absent.","SOURCE_IDENTITY:../round_1/01_ROUND_1_REVIEWED_TASK_INVENTORY.csv#candidate_id=10-02","Does any observed workflow treat violation-risk identification as an independently owned task rather than a compliance dimension? What evidence shows that the output persists is handed off or is independently reused as a stable Business Artifact?"
"10-03","违规申诉","10 店铺治理与合规","BUSINESS_TASK","Resolve a violation case through an appeal decision and submission.","A violation decision creates an appealable case.","Violation notice supporting evidence policy context and appeal options.","Evaluate the case and prepare or submit the appeal.","The appeal is submitted accepted rejected closed or escalated.","PARTIAL","The violation case and appeal-state transition strongly imply independence but no direct operator SOP workflow or operational-artifact evidence establishes standalone identity.","UNKNOWN","","MEDIUM","BUSINESS_TASK is retained because the externally bounded appeal case and recognizable decision state are strong signals. V1.1 requires PARTIAL / MEDIUM without direct AS-IS observation.","SOURCE_IDENTITY:../round_1/01_ROUND_1_REVIEWED_TASK_INVENTORY.csv#candidate_id=10-03","Which appeal preparation and submission boundaries are independently owned in observed operations? What evidence shows that the output persists is handed off or is independently reused as a stable Business Artifact?"
"10-04","商品合规审查","10 店铺治理与合规","BUSINESS_TASK","Decide whether a product satisfies applicable compliance requirements.","A product requires compliance review before or during operation.","Product information claims evidence and applicable requirements.","Review compliance evidence and make an approval issue or escalation decision.","A recognizable Product Compliance Review decision is produced.","PARTIAL","independent governance gate and review decision","UNKNOWN","","MEDIUM","A recognizable independent governance gate and review decision supports independent work-unit identity; evidence remains bounded and no structural disposition is implied.","SOURCE_IDENTITY:../round_1/01_ROUND_1_REVIEWED_TASK_INVENTORY.csv#candidate_id=10-04","What event and authority independently trigger and complete product compliance review? What evidence shows that the output persists is handed off or is independently reused as a stable Business Artifact?"
"10-05","知识产权 / 品牌风险检查","10 店铺治理与合规","ANALYSIS_DIMENSION","Examine intellectual-property and brand risk as an input to broader business judgment.","A broader analysis or decision requires the intellectual-property and brand risk dimension.","Product brand asset and rights-related signals.","Inspect and interpret intellectual-property and brand risk.","An IP or brand-risk finding for broader compliance work.","NO","The Candidate wording identifies what is examined rather than an independently evidenced work unit.","UNKNOWN","","MEDIUM","Under the calibrated guidance this is primarily an analysis dimension; independent trigger owner and completion evidence are absent.","SOURCE_IDENTITY:../round_1/01_ROUND_1_REVIEWED_TASK_INVENTORY.csv#candidate_id=10-05","Are intellectual-property and brand risk one analytical dimension or separate dimensions in observed compliance workflows? What evidence shows that the output persists is handed off or is independently reused as a stable Business Artifact?"
"10-06","店铺绩效 / 服务指标监控","10 店铺治理与合规","ANALYSIS_DIMENSION","Examine shop performance and service metrics as an input to broader business judgment.","A broader analysis or decision requires the shop performance and service metrics dimension.","Shop performance and service-indicator observations.","Inspect and interpret shop performance and service metrics.","A service-metric finding for broader shop-health governance.","NO","The Candidate wording identifies what is examined rather than an independently evidenced work unit.","UNKNOWN","","MEDIUM","Under the calibrated guidance this is primarily an analysis dimension; independent trigger owner and completion evidence are absent.","SOURCE_IDENTITY:../round_1/01_ROUND_1_REVIEWED_TASK_INVENTORY.csv#candidate_id=10-06","Which parent governance task consumes these metrics and when does monitoring become an independent work unit? What evidence shows that the output persists is handed off or is independently reused as a stable Business Artifact?"
"10-07","结算 / 平台费用异常检查","10 店铺治理与合规","BUSINESS_TASK","Identify and resolve settlement or platform-fee anomalies.","A settlement review point or fee discrepancy occurs.","Settlement records platform fee records and expected terms.","Compare records and determine whether an anomaly requires action.","A settlement or fee anomaly finding and case decision is produced.","PARTIAL","periodic or discrepancy-bounded review with a recognizable exception output","UNKNOWN","","MEDIUM","A recognizable periodic or discrepancy-bounded review with a recognizable exception output supports independent work-unit identity; evidence remains bounded and no structural disposition is implied.","SOURCE_IDENTITY:../round_1/01_ROUND_1_REVIEWED_TASK_INVENTORY.csv#candidate_id=10-07","Does the Candidate combine anomaly checking with subsequent resolution and what marks completion? What evidence shows that the output persists is handed off or is independently reused as a stable Business Artifact?"
